star_id,mission,label,orbital_period,transit_duration,transit_depth,planet_radius,impact_parameter,transit_snr,mes,stellar_teff,stellar_logg,stellar_radius,mag
BD+20 594,K2,CONFIRMED,41.688644,,,2.35545351,,,,5703.0,4.38,0.956122,
EPIC 201111557,K2,CANDIDATE,2.30183,,,1.12,,,,4616.52,4.53679,0.762602,
EPIC 201126503,K2,CANDIDATE,1.1947488,,,4.19,,,,3919.0,,0.57,
EPIC 201127519,K2,CANDIDATE,6.178369,,,9.91257877,,,,5015.0,4.67,0.789478,
EPIC 201147085,K2,CANDIDATE,1.17589,,,0.86,,,,,,0.309,
EPIC 201152065,K2,CANDIDATE,10.6966,,,1.45,,,,,,0.588,
EPIC 201160662,K2,CANDIDATE,1.5374115,,,45.0,,,,,,1.599,
EPIC 201164625,K2,CANDIDATE,2.71189,,,4.34,,,,6402.0,3.54386,3.16745,
K2-243,K2,CANDIDATE,18.10549,,,2.09985108,,,,6213.0,4.32,1.224685,
EPIC 201170410,K2,CONFIRMED,6.7987,,,1.047,,,,3648.0,4.999,0.282,
EPIC 201176672,K2,CANDIDATE,79.9999,,,10.2,,,,4542.0,4.747,0.508,
EPIC 201180665,K2,CANDIDATE,17.77297,,,26.44,,,,5847.0,4.26659,1.25428,
EPIC 201182911,K2,CANDIDATE,0.99656225,,,32.8,,,,3727.0,,0.5,
EPIC 201197348,K2,CANDIDATE,14.912381,,,3.55,,,,4224.0,,0.65,
EPIC 201231940,K2,CANDIDATE,0.57303573,,,3.35,,,,3570.0,,0.43,
EPIC 201238110,K2,CONFIRMED,28.1656,,,1.87,,,,,,,
EPIC 201238163,K2,CANDIDATE,1.0829614,,,1.56,,,,3875.0,,0.56,
EPIC 201239401,K2,CANDIDATE,0.905655,,,1.57,,,,,,0.576,
EPIC 201247497,K2,CANDIDATE,2.7541129,,,4.87,,,,3834.0,,0.55,
EPIC 201257461,K2,FALSE_POSITIVE,50.285869,,,3.47,,,,4859.0,,0.74,
EPIC 201258341,K2,CANDIDATE,10.50439,,,1.75,,,,,,0.878,
EPIC 201259803,K2,CANDIDATE,1.684208,,,5.51,,,,,,0.431,
EPIC 201264302,K2,CANDIDATE,0.2122013,,,0.519,,,,,,0.188,
EPIC 201270176,K2,CANDIDATE,1.5778643,,,7.55,,,,4811.0,,0.73,
HIP 55390,K2,CANDIDATE,1.57771549,,,,,,,7333.0,3.83915,2.56752,
EPIC 201274010,K2,CANDIDATE,13.0113,,,2.43,,,,5347.0,4.51267,0.880221,
EPIC 201291843,K2,CANDIDATE,40.70206194,,,,,,,3759.0,4.67427,0.572892,
EPIC 201299088,K2,CANDIDATE,21.204739,,,9.11013939,,,,5154.0,3.91,1.761722,
EPIC 201324549,K2,FALSE_POSITIVE,2.519334,,,3.91,,,,6283.0,4.17,1.45,
EPIC 201352100,K2,CANDIDATE,13.383629,,,2.87289326,,,,5216.0,4.7,0.815235,
EPIC 201357835,K2,CANDIDATE,11.8951,,,,,,,5040.0,,0.68,
EPIC 201359834,K2,CANDIDATE,40.1401,,,20.8,,,,,,0.716,
EPIC 201366540,K2,CANDIDATE,7.4433,,,2.73,,,,,,0.724,
EPIC 201390927,K2,CANDIDATE,2.638,,,2.91,,,,4264.47,,,
EPIC 201392505,K2,CANDIDATE,27.47083,,,3.36,,,,4947.03,4.59659,0.749863,
EPIC 201407812,K2,CANDIDATE,2.8268121,,,40.1,,,,5736.0,,0.98,
EPIC 201427007,K2,CONFIRMED,0.72091,,,1.5,,,,5633.0,4.4,0.94,
EPIC 201441872,K2,CANDIDATE,4.44044,,,1.32,,,,,,1.053,
EPIC 201445732,K2,CANDIDATE,11.20381,,,2.18,,,,,,1.1,
EPIC 201456770,K2,CANDIDATE,8.006875,,,2.384,,,,5403.0,4.538,0.846,
HIP 54766,K2,CANDIDATE,3.3643115,,,85.6,,,,6240.0,,1.32,
EPIC 201497682,K2,CONFIRMED,2.13174,,,0.692,,,,,,,
EPIC 201512465,K2,CANDIDATE,2.3330982,,,5.48,,,,3726.0,,0.5,
EPIC 201515470,K2,CANDIDATE,20.2073,,,2.12,,,,,,0.7624,
EPIC 201516974,K2,CANDIDATE,36.7099,,,,,,,5069.12,,5.33871,
EPIC 201521212,K2,CANDIDATE,19.565799,,,6.412,,,,4486.0,4.652,0.854,
EPIC 201528215,K2,CANDIDATE,6.39916,,,1.48,,,,,,0.7006,
EPIC 201534540,K2,CANDIDATE,2.72273204,,,,,,,8002.0,3.81097,2.85976,
EPIC 201541160,K2,CANDIDATE,15.695142,,,2.028,,,,4270.0,4.719,0.625,
EPIC 201543531,K2,CANDIDATE,2.48038,,,1.44,,,,,,1.27,
EPIC 201546136,K2,CANDIDATE,1.9668579,,,1.51,,,,5063.0,,0.77,
EPIC 201555883,K2,FALSE_POSITIVE,,,,,,,,4419.0,,0.52,
EPIC 201556134,K2,CANDIDATE,12.726743,,,1.91,,,,4767.0,,0.73,
EPIC 201561956,K2,CANDIDATE,13.2359,,,2.09,,,,,,0.924,
EPIC 201563164,K2,CANDIDATE,0.18746328,,,217.0,,,,46696.0,,17.27,
EPIC 201565013,K2,CANDIDATE,8.6382631,,,8.53,,,,3720.0,,0.5,
EPIC 201569483,K2,FALSE_POSITIVE,5.7968861,,,24.2,,,,4721.0,,0.72,
EPIC 201577017,K2,CANDIDATE,0.4775252,,,20.1,,,,,,0.522,
EPIC 201577112,K2,CANDIDATE,22.197992,,,5.34,,,,3508.0,,0.4,
EPIC 201588420,K2,CANDIDATE,3.29163,,,1.17,,,,,,0.567,
EPIC 201595106,K2,CONFIRMED,0.877214,,,1.3,,,,5820.0,4.6,0.93,
EPIC 201596733,K2,CANDIDATE,2.8964139,,,2.45,,,,3547.0,,0.42,
EPIC 201606542,K2,CANDIDATE,0.44433632,,,1.01,,,,5208.0,,0.8,
K2-166,K2,CONFIRMED,3.80464,,,1.22,,,,,,,
EPIC 201617985,K2,CANDIDATE,7.28161,,,1.78,,,,3742.0,,0.49,
EPIC 201619647,K2,CANDIDATE,4.58328,,,2.21,,,,,,0.545,
EPIC 201626686,K2,CANDIDATE,5.28081,,,10.9,,,,6227.0,3.676,3.01,
EPIC 201631267,K2,CANDIDATE,440.0,,,16.3,,,,4600.0,,0.85,
EPIC 201635132,K2,CANDIDATE,30.0,,,22.8,,,,3400.0,,0.89,
EPIC 201639576,K2,CANDIDATE,7.655533,,,2.328,,,,5114.0,4.687,0.751,
EPIC 201649426,K2,FALSE_POSITIVE,27.770388,,,25.1,,,,4598.0,,0.71,
EPIC 201650711,K2,CANDIDATE,0.259669,,,0.77,,,,4340.0,4.25,0.69,
EPIC 201654498,K2,CANDIDATE,18.4502,,,2.52,,,,,,0.717,
K2-319,K2,CANDIDATE,35.621,,,1.89,,,,5440.0,4.512,0.898,
EPIC 201666578,K2,CANDIDATE,4.1333,,,1.2,,,,,,0.312,
EPIC 201683540,K2,CANDIDATE,1.9611469,,,5.93,,,,4166.0,,0.64,
EPIC 201702477,K2,CANDIDATE,40.7302,,,7.8,,,,5840.0,4.44,0.98,
EPIC 201705526,K2,CANDIDATE,18.10220826,,,,,,,6141.1,3.88145,2.04778,
EPIC 201717159,K2,CANDIDATE,0.60408352,,,2.26,,,,4331.0,,0.67,
EPIC 201717274,K2,CANDIDATE,3.52743,,,1.11,,,,3624.0,5.014,0.257,
EPIC 201720401,K2,CANDIDATE,6340.0,,,12.8,,,,4800.0,,0.88,
EPIC 201729655,K2,CANDIDATE,9.321691,,,17.325,,,,5089.0,4.712,0.678,
EPIC 201732557,K2,CANDIDATE,6.662,,,1.59,,,,,,0.483,
K2-16,K2,CONFIRMED,2.71578,,,1.03,,,,,,,
EPIC 201757695,K2,CONFIRMED,2.0478,,,0.90819,,,,4520.0,4.659,0.655,
EPIC 201775904,K2,CANDIDATE,,,,35.0,,,,,,1.266,
EPIC 201779067,K2,FALSE_POSITIVE,27.27048734,,,,,,,5990.87,3.66162,2.564,
EPIC 201785059,K2,CANDIDATE,1.395336,,,0.76,,,,,,0.28,
EPIC 201793642,K2,CANDIDATE,15.3791,,,1.89,,,,,,0.336,
EPIC 201828749,K2,CANDIDATE,33.5107,,,2.14,,,,5683.0,4.5,0.896,
K2-50,K2,CONFIRMED,3.96151,,,1.0,,,,,,,
EPIC 201837434,K2,CANDIDATE,6.97251,,,2.01,,,,,,0.6252,
EPIC 201841433,K2,CONFIRMED,4.1698,,,1.04,,,,5053.0,4.595,0.628461,
EPIC 201846824,K2,CANDIDATE,2.89465,,,1.75,,,,,,0.702,
EPIC 201856786,K2,CANDIDATE,3.83794,,,1.51,,,,,,0.809,
EPIC 201892470,K2,CANDIDATE,2790.0,,,12.2,,,,5100.0,,0.93,
EPIC 201896171,K2,CANDIDATE,8.91058,,,2.8,,,,,,1.028,
EPIC 201920032,K2,CANDIDATE,28.2692,,,3.35,,,,5631.0,4.2,1.29,
EPIC 201923289,K2,CANDIDATE,0.782022,,,1.58,,,,,,0.94,
EPIC 201925324,K2,CANDIDATE,15.4769,,,2.89,,,,,,0.66,
EPIC 201927336,K2,CANDIDATE,6.4498648,,,2.63,,,,5395.0,,0.85,
EPIC 201928106,K2,FALSE_POSITIVE,1.19478,,,1.65,,,,3671.0,5.053,0.235,
EPIC 201929294,K2,FALSE_POSITIVE,,,,,,,,4786.0,,0.7,
EPIC 202059377,K2,FALSE_POSITIVE,1.5771832,,,33.4,,,,8210.0,,1.94,
EPIC 202060800,K2,CANDIDATE,3.262038,,,,,,,10318.0,,5.27397,
EPIC 202062450,K2,CANDIDATE,4.4654,,,45.0,,,,,,2.3,
EPIC 202064253,K2,CANDIDATE,21.140574,,,31.5,,,,6205.0,,1.29,
EPIC 202065819,K2,CANDIDATE,5.74372,,,,,,,,,,
EPIC 202066192,K2,CANDIDATE,3.2923818,,,19.6,,,,7824.0,,1.87,
EPIC 202066537,K2,CANDIDATE,6.90487,,,53.0,,,,6599.0,4.241,1.45,
EPIC 202066811,K2,CANDIDATE,1.696374,,,35.3,,,,,,1.793,
EPIC 202071289,K2,CANDIDATE,3.046136,,,76.0,,,,,,1.698,
EPIC 202071401,K2,CANDIDATE,3.23792,,,,,,,4500.0,4.67558,0.639668,
EPIC 202071635,K2,CANDIDATE,6.2719092,,,60.0,,,,7254.0,,1.81,
EPIC 202071645,K2,FALSE_POSITIVE,23.7782,,,98.0,,,,7498.0,4.03,2.09,
EPIC 202071725,K2,CANDIDATE,1.42636,,,6.66,,,,,,4.28,
EPIC 202072596,K2,CANDIDATE,3.979287,,,37.5,,,,7430.0,,1.84,
EPIC 202072965,K2,CANDIDATE,2.1417519,,,86.2,,,,6492.0,,1.59,
EPIC 202084970,K2,CANDIDATE,2.86136,,,,,,,3697.0,4.73628,0.50129,
EPIC 202085553,K2,CANDIDATE,3.10622,,,,,,,3636.0,4.73641,0.501135,
EPIC 202085597,K2,CANDIDATE,1.814553,,,,,,,4618.0,,10.0566,
EPIC 202085698,K2,CANDIDATE,17.1541,,,,,,,4930.0,,16.1325,
EPIC 202085934,K2,CANDIDATE,12.1507,,,1.48,,,,,,0.83,
EPIC 202086291,K2,CANDIDATE,2.4343734,,,61.4,,,,5568.0,,0.9,
EPIC 202086968,K2,CANDIDATE,1.8490876,,,17.3,,,,5693.0,,0.96,
EPIC 202088212,K2,CANDIDATE,2.620724,,,11.7,,,,6013.0,,1.14,
EPIC 202089657,K2,CANDIDATE,1.314437,,,3.09990986,,,,6009.0,4.09,1.472064,
EPIC 202090152,K2,CANDIDATE,4.8045244,,,3.62,,,,6187.0,,1.28,
EPIC 202090723,K2,CANDIDATE,6.14818,,,,,,,6591.31,,2.29043,
EPIC 202090737,K2,CANDIDATE,1.49761,,,,,,,,,,
EPIC 202091388,K2,CANDIDATE,6.479656,,,3.33165021,,,,5586.0,4.5,0.921539,
EPIC 202092480,K2,CANDIDATE,2.8445331,,,65.3,,,,6045.0,,1.16,
EPIC 202092559,K2,CANDIDATE,0.6687,,,2.22,,,,,,1.942,
EPIC 202092782,K2,CANDIDATE,13.3461,,,42.0,,,,,,2.575,
EPIC 202093020,K2,CANDIDATE,4.13737,,,24.5,,,,,,1.03,
EPIC 202093968,K2,CANDIDATE,2.469851,,,6.6,,,,,,1.479,
EPIC 202094740,K2,CANDIDATE,0.690458,,,,,,,6912.12,,1.50882,
EPIC 202126847,K2,CANDIDATE,4.1687922,,,16.1,,,,6005.0,,1.14,
EPIC 202126853,K2,CANDIDATE,21.17051,,,81.0,,,,,,2.536,
EPIC 202126884,K2,CANDIDATE,5.31937553733,,,19.66846395,,,,6350.0,3.78918,2.36934,
EPIC 202126887,K2,FALSE_POSITIVE,12.86772,,,71.0,,,,6861.0,4.11,1.79,
EPIC 202126888,K2,FALSE_POSITIVE,1.8461222,,,19.5,,,,7536.0,,1.82,
EPIC 202137637,K2,CANDIDATE,6.6223,,,,,,,5000.0,,5.54598,
EPIC 202139294,K2,CANDIDATE,0.5217136,,,452.0,,,,,,11.27,
EPIC 202565282,K2,CANDIDATE,11.975818,,,8.43,,,,3320.0,,0.28,
EPIC 202600948,K2,CANDIDATE,5.9895,,,2.04,,,,,,1.03,
EPIC 202634963,K2,CANDIDATE,28.707623,,,21.2,,,,5838.0,,1.03,
EPIC 202675839,K2,CANDIDATE,15.4715,,,9.2,,,,5791.0,4.005,1.89,
EPIC 202688980,K2,CANDIDATE,1.4556637,,,,,,,6520.0,4.03395,1.84406,
EPIC 202710713,K2,CANDIDATE,3.3262396,,,1.16,,,,3404.0,,0.33,
EPIC 202774883,K2,CANDIDATE,13.1426,,,200.0,,,,,,13.9,
EPIC 202821899,K2,CANDIDATE,4.474513,,,8.16881084,,,,6081.0,3.88,2.221057,
EPIC 202843107,K2,CANDIDATE,2.1989041,,,46.6,,,,4938.0,,0.75,
EPIC 202893157,K2,CANDIDATE,4.1657292,,,1.86,,,,3442.0,,0.36,
EPIC 202963882,K2,FALSE_POSITIVE,0.6308,,,,,,,,,,
EPIC 202971774,K2,CANDIDATE,0.2358684,,,6.1,,,,,,1.792,
EPIC 203042994,K2,CANDIDATE,12.99109,,,43.0,,,,,,4.5,
EPIC 203070421,K2,CANDIDATE,1.7359447,,,1.89,,,,5354.0,,0.84,
EPIC 203099398,K2,CANDIDATE,1.8389349,,,0.837,,,,3930.0,,0.58,
EPIC 203139512,K2,CANDIDATE,2.032664,,,1.92,,,,,,0.535,
EPIC 203294831,K2,CANDIDATE,1.859017,,,64.0,,,,6842.0,4.01,2.03,
EPIC 203311200,K2,CANDIDATE,540.0,,,5.7,,,,5200.0,,0.94,
EPIC 203476597,K2,FALSE_POSITIVE,1.4408,,,,,,,4154.0,,1.58859,
EPIC 203485624,K2,FALSE_POSITIVE,0.841202,,,82.0,,,,6237.0,3.85,2.31,
EPIC 203518244,K2,CANDIDATE,0.8411257,,,0.884,,,,4289.0,,0.66,
EPIC 203533312,K2,CANDIDATE,0.17566,,,3.11,,,,6620.0,4.19,1.15,
EPIC 203560204,K2,CANDIDATE,29.33873041,,,,,,,3171.0,4.71253,0.528528,
EPIC 203581469,K2,FALSE_POSITIVE,22.7984,,,9.0,,,,6195.0,4.18,1.37,
EPIC 203616858,K2,CANDIDATE,1.68027,,,2.9,,,,,,1.275,
EPIC 203623230,K2,CANDIDATE,2.54427583,,,,,,,8188.0,3.71913,3.23826,
EPIC 203633064,K2,CANDIDATE,0.7099504,,,80.0,,,,,,2.065,
EPIC 203692610,K2,FALSE_POSITIVE,1.8204,,,,,,,3112.0,4.72526,0.5139,
EPIC 203710387,K2,FALSE_POSITIVE,2.809,,,,,,,2901.0,4.75991,0.474383,
EPIC 203753577,K2,CANDIDATE,3.400858,,,14.1,,,,,,0.983,
K2-24,K2,CANDIDATE,,,,7.51,,,,,,1.249,
EPIC 203784668,K2,CANDIDATE,,,,,,,,3095.0,,,
EPIC 203823381,K2,FALSE_POSITIVE,8.2781,,,,,,,6520.0,,,
EPIC 203849738,K2,FALSE_POSITIVE,0.6199,,,,,,,2978.0,4.65423,0.596423,
EPIC 203867512,K2,CANDIDATE,28.46762,,,37.0,,,,,,1.97,
EPIC 203868608,K2,FALSE_POSITIVE,4.5417,,,,,,,2897.0,4.61636,0.641751,
EPIC 203914123,K2,CANDIDATE,83830.0,,,12.0,,,,4000.0,,0.74,
EPIC 203925865,K2,CANDIDATE,8.79689,,,4.85,,,,,,2.047,
EPIC 203929178,K2,CANDIDATE,1.153886,,,99.0,,,,6841.0,4.09,1.8,
EPIC 203942067,K2,CANDIDATE,1.6398934,,,33.0,,,,5175.0,,0.79,
EPIC 204043888,K2,FALSE_POSITIVE,1.486243,,,58.0,,,,5991.0,3.984,1.87,
EPIC 204057095,K2,CANDIDATE,23.210585,,,5.7,,,,5244.0,,0.81,
EPIC 204124270,K2,CANDIDATE,1.330023,,,44.0,,,,,,2.4,
EPIC 204128016,K2,CANDIDATE,50.73641,,,10.31,,,,,,1.349,
EPIC 204143627,K2,FALSE_POSITIVE,1.124,,,,,,,3074.0,4.73262,0.50547,
HIP 80474,K2,FALSE_POSITIVE,0.7474,,,,,,,,,,
EPIC 204197636,K2,CANDIDATE,46.1373,,,2.6,,,,,,0.723,
EPIC 204276894,K2,CANDIDATE,1.957,,,,,,,3913.0,,45.3731,
EPIC 204308061,K2,CANDIDATE,22.6398,,,1.27,,,,,,0.862,
EPIC 204312847,K2,CANDIDATE,24.193613,,,30.7,,,,5457.0,,0.87,
EPIC 204322265,K2,CANDIDATE,2.784496,,,2.09,,,,,,0.256,
EPIC 204346718,K2,CANDIDATE,0.64292573,,,,,,,2914.0,4.86227,0.362033,
EPIC 204364515,K2,FALSE_POSITIVE,1.4562,,,,,,,,,,
EPIC 204432860,K2,FALSE_POSITIVE,2.8742,,,,,,,3648.0,,1.41662,
EPIC 204489514,K2,CANDIDATE,10.2236,,,132.0,,,,6960.0,4.05,2.04,
HIP 78977,K2,FALSE_POSITIVE,1.6281,,,,,,,5691.0,3.56677,2.74444,
EPIC 204529573,K2,CANDIDATE,2.7518,,,0.669,,,,,,0.647,
EPIC 204546592,K2,CANDIDATE,,,,133.0,,,,,,8.12,
EPIC 204576757,K2,CANDIDATE,23.277669,,,32.8,,,,4379.0,,0.68,
EPIC 204579445,K2,CANDIDATE,24.6842,,,2.49,,,,,,1.17,
EPIC 204634789,K2,CANDIDATE,2.2,,,8.4,,,,4800.0,,0.87,
EPIC 204649811,K2,CANDIDATE,2.6454165,,,9.47,,,,5179.0,,0.79,
EPIC 204658292,K2,CANDIDATE,20.98296043,,,,,,,4822.0,4.59235,0.739921,
EPIC 204676499,K2,CANDIDATE,1.5271792,,,,,,,5359.0,4.49859,0.899453,
K2-365,K2,CANDIDATE,7.8392,,,1.46,,,,,,1.115,
HIP 78168,K2,FALSE_POSITIVE,9.2048,,,,,,,11886.0,3.82208,3.61562,
EPIC 204763194,K2,CANDIDATE,2.32046168,,,,,,,,,,
EPIC 204791347,K2,CANDIDATE,1.94297,,,2.571,,,,3197.0,4.846,0.436,
EPIC 204873331,K2,FALSE_POSITIVE,1.3178719,,,62.0,,,,,,1.975,
EPIC 204880394,K2,CANDIDATE,0.2338108,,,,,,,,,,
EPIC 204882444,K2,FALSE_POSITIVE,1.1488,,,,,,,3429.0,4.07241,0.984957,
EPIC 204884005,K2,CANDIDATE,46.38363,,,3.22,,,,,,0.762,
EPIC 204888276,K2,CANDIDATE,16.56127,,,0.957,,,,,,0.258,
EPIC 204914585,K2,CANDIDATE,18.357773,,,1.74,,,,4937.0,,0.75,
EPIC 204990932,K2,CANDIDATE,21.9184,,,3.18,,,,,,0.72,
EPIC 204991696,K2,CANDIDATE,49.8558,,,3.29,,,,,,1.359,
EPIC 205029914,K2,CANDIDATE,4.9818921,,,2.66,,,,5849.0,,1.04,
EPIC 205040048,K2,CANDIDATE,3.3055191,,,1.27,,,,3430.0,,0.35,
EPIC 205046529,K2,FALSE_POSITIVE,1.8361,,,,,,,,,,
EPIC 205047565,K2,CANDIDATE,14.5444413,,,,,,,,,,
EPIC 205050711,K2,CANDIDATE,4.30221683,,,,,,,7168.62,3.42072,4.08069,
EPIC 205064326,K2,FALSE_POSITIVE,8.02678456,,,,,,,4708.46,,5.5996,
EPIC 205084841,K2,CANDIDATE,11.31028,,,18.9,,,,,,1.44,
EPIC 205145448,K2,CANDIDATE,16.63311,,,44.0,,,,5700.0,3.84,2.19,
EPIC 205146011,K2,CANDIDATE,1.057171,,,1.51,,,,,,1.004,
EPIC 205148699,K2,FALSE_POSITIVE,4.377326,,,27.0,,,,5928.0,4.08,1.43,
EPIC 205152172,K2,CANDIDATE,0.980414,,,1.58,,,,4202.0,4.758,0.66,
EPIC 205170731,K2,CANDIDATE,14.2005,,,2.36,,,,,,0.786,
EPIC 205205452,K2,CANDIDATE,28.8077,,,2.08,,,,,,0.215,
EPIC 205224877,K2,CANDIDATE,3.75927,,,68.0,,,,,,10.7,
EPIC 205242733,K2,CANDIDATE,2.41628,,,2.68,,,,,,1.01,
EPIC 205252523,K2,CANDIDATE,4.4984354,,,3.12,,,,4309.0,,0.66,
EPIC 205377483,K2,CANDIDATE,0.3938505,,,13.7,,,,,,2.16,
EPIC 205463986,K2,CANDIDATE,2.3240489,,,33.4,,,,5107.0,,0.78,
EPIC 205470347,K2,CANDIDATE,1.86732,,,0.648,,,,,,0.693,
EPIC 205483055,K2,CANDIDATE,22.9735,,,2.61,,,,,,1.067,
EPIC 205483258,K2,FALSE_POSITIVE,5.6683,,,,,,,3521.0,4.14993,0.956267,
EPIC 205489894,K2,CANDIDATE,14.658196,,,1.6,,,,3610.0,,0.45,
EPIC 205503762,K2,CANDIDATE,6.4349,,,2.47,,,,,,1.493,
EPIC 205530323,K2,CANDIDATE,4.27065,,,7.6,,,,,,1.5,
EPIC 205570849,K2,CANDIDATE,16.858,,,5.6,,,,5957.0,4.351,1.07,
EPIC 205618538,K2,CANDIDATE,2.167697,,,12.14,,,,,,2.489,
EPIC 205632508,K2,CANDIDATE,19.2299,,,1.96,,,,,,0.612,
EPIC 205652650,K2,CANDIDATE,5.07152,,,3.2,,,,,,0.426,
EPIC 205703094,K2,CANDIDATE,8.1191,,,57.0,,,,6040.0,4.32,1.2,
EPIC 205938820,K2,CANDIDATE,4.20773,,,1.47,,,,,,0.834,
EPIC 205939498,K2,CANDIDATE,1.1761477,,,19.3,,,,,,2.38,
EPIC 205943325,K2,CANDIDATE,27.270191,,,2.5,,,,6171.0,4.129,1.612,
EPIC 205944181,K2,CANDIDATE,2.475527,,,42.0,,,,5962.0,4.4,1.06,
EPIC 205947161,K2,CANDIDATE,17.7256773,,,15.4613,,,,6010.0,4.06,1.63,
EPIC 205947214,K2,CANDIDATE,54.169832,,,22.0,,,,3836.0,,0.55,
K2-168,K2,CONFIRMED,8.050722,,,1.31,,,,5502.7,,0.83,
EPIC 205951125,K2,CANDIDATE,6.79143,,,1.72,,,,,,0.609,
EPIC 205957328,K2,CANDIDATE,14.353438,,,2.159584,,,,5317.0,4.59,0.82797,
EPIC 205962305,K2,CANDIDATE,1.88282,,,2.6,,,,,,0.257,
EPIC 205969319,K2,CANDIDATE,6.4756,,,1.85,,,,,,1.339,
EPIC 205976958,K2,CANDIDATE,2.31803,,,2.34,,,,,,0.589,
EPIC 205979483,K2,FALSE_POSITIVE,12.4292,,,1.1126,,,,5414.0,4.595,0.814,
EPIC 205981465,K2,CANDIDATE,6.37733,,,0.76,,,,,,0.262,
EPIC 205990339,K2,FALSE_POSITIVE,19.44212,,,22.0,,,,3864.0,4.91,0.35,
EPIC 205996447,K2,CANDIDATE,0.80032756,,,21.3,,,,4028.0,,0.61,
EPIC 205998649,K2,CANDIDATE,8.3958,,,3.95,,,,,,1.996,
EPIC 205999468,K2,CANDIDATE,12.25823207,,,,,,,5038.0,4.60153,0.758844,
EPIC 206011849,K2,CANDIDATE,10.3631,,,1.64,,,,,,0.613,
EPIC 206024342,K2,CONFIRMED,4.50717,,,1.44,,,,,,0.823,
EPIC 206028176,K2,CANDIDATE,9.38053,,,2.89,,,,,,1.412,
EPIC 206029242,K2,CANDIDATE,5.6505,,,1.33,,,,,,1.012,
EPIC 206029450,K2,CANDIDATE,4.2304959,,,2.56,,,,4335.0,,0.67,
EPIC 206031623,K2,CANDIDATE,9.9487,,,1.48,,,,,,1.136,
EPIC 206032309,K2,CONFIRMED,2.87814,,,1.01,,,,,,,
EPIC 206036749,K2,CANDIDATE,1.131316,,,4.6,,,,6292.0,4.27,1.32,
EPIC 206042996,K2,CONFIRMED,5.29853,,,3.32,,,,,,0.668,
EPIC 206047055,K2,CANDIDATE,4.1029,,,2.28,,,,,,1.98,
EPIC 206049452,K2,CANDIDATE,14.454495,,,2.21,,,,4521.0,,0.7,
EPIC 206056433,K2,CANDIDATE,28.564994,,,2.25,,,,4418.0,,0.68,
EPIC 206061524,K2,CANDIDATE,5.87672094142,,,8.02139241,,,,4111.0,4.43205,0.807445,
EPIC 206065006,K2,FALSE_POSITIVE,25.2768,,,25.0,,,,4215.0,4.758,0.52,
EPIC 206114294,K2,CANDIDATE,3.292013,,,5.76,,,,,,0.674,
EPIC 206114630,K2,CANDIDATE,7.445026,,,2.2805044,,,,5277.0,4.65,0.825169,
EPIC 206133795,K2,CANDIDATE,13.8543,,,3.18,,,,,,1.848,
EPIC 206135075,K2,CANDIDATE,54.976021,,,39.1,,,,6333.0,,1.41,
EPIC 206135170,K2,CANDIDATE,2.59824,,,7.7,,,,,,0.788,
HIP 109695 A,K2,CANDIDATE,2.573088,,,34.0,,,,5165.0,3.68,2.5,
K2-368,K2,CANDIDATE,37.827,,,1.42,,,,,,0.577,
EPIC 206151047,K2,CANDIDATE,0.35840528,,,1.92,,,,5862.0,,1.04,
EPIC 206152015,K2,CANDIDATE,0.80858305,,,,,,,6151.8,,2.31125,
EPIC 206155922,K2,CANDIDATE,4.00932,,,1.08,,,,,,0.68,
K2-68,K2,CANDIDATE,20.6714,,,1.47,,,,,,0.655,
EPIC 206169157,K2,CANDIDATE,,,,7.72,,,,,,1.763,
EPIC 206169375,K2,CANDIDATE,0.367453,,,2.55,,,,6167.0,4.16,0.95,
EPIC 206175552,K2,CANDIDATE,6.57986525,,,,,,,5874.0,4.01131,1.68281,
EPIC 206192335,K2,CANDIDATE,3.59922,,,1.63,,,,,,0.809,
EPIC 206208956,K2,CANDIDATE,5.01038,,,4.28,,,,,,1.53,
EPIC 206215704,K2,CONFIRMED,2.25372,,,0.9,,,,,,,
EPIC 206226146,K2,CANDIDATE,11.63547,,,2.6,,,,,,0.892,
EPIC 206260577,K2,CANDIDATE,1.982116,,,35.0,,,,,,2.05,
EPIC 206262341,K2,CANDIDATE,36.9321,,,2.98,,,,,,0.955,
EPIC 206267115,K2,FALSE_POSITIVE,1.35823,,,1.44,,,,5675.0,4.45,0.95,
EPIC 206268084,K2,CANDIDATE,8.4532,,,2.66,,,,,,1.0419,
EPIC 206298289,K2,CANDIDATE,0.4348359,,,1.59,,,,3714.0,,0.5,
EPIC 206311743,K2,CANDIDATE,4.31444335,,,,,,,4952.0,,2.25969,
EPIC 206312951,K2,CANDIDATE,1.5339666,,,1.47,,,,3757.0,,0.52,
EPIC 206315178,K2,CANDIDATE,0.3176828,,,11.9,,,,,,0.944,
EPIC 206317286,K2,CONFIRMED,1.58252,,,0.96,,,,,,,
EPIC 206329937,K2,CANDIDATE,10.49927,,,1.43,,,,,,0.599,
EPIC 206344313,K2,CANDIDATE,5.23189,,,3.62,,,,,,0.627,
EPIC 206358352,K2,CANDIDATE,1.13666,,,3.18,,,,,,1.724,
EPIC 206360885,K2,CANDIDATE,12.4404,,,2.72,,,,,,0.586,
EPIC 206369173,K2,CANDIDATE,2.018725,,,91.0,,,,,,14.96,
EPIC 206403979,K2,CANDIDATE,23.8039,,,12.0,,,,4840.0,4.809,0.48,
EPIC 206414361,K2,CANDIDATE,3.47722,,,1.53,,,,,,0.556,
EPIC 206417197,K2,CANDIDATE,0.442185,,,2.02,,,,,,0.754,
EPIC 206439513,K2,CANDIDATE,18.415126,,,69.44309317,,,,6211.0,3.56,3.465887,
EPIC 206461841,K2,CANDIDATE,10.4404,,,0.6739,,,,4893.0,4.596,0.746,
EPIC 206468053,K2,CANDIDATE,27.837146,,,5.149,,,,4241.0,4.696,0.64,
EPIC 206476150,K2,CANDIDATE,12.19649,,,2.23,,,,,,1.062,
EPIC 206500801,K2,CANDIDATE,8.15306759,,,,,,,5445.0,3.94879,1.71199,
EPIC 206532093,K2,CANDIDATE,2.2021868,,,56.5,,,,5695.0,,0.96,
EPIC 206535016,K2,CANDIDATE,20.398071,,,2.57901435,,,,5199.0,4.52,0.777455,
EPIC 206543223,K2,CANDIDATE,17.812866,,,22.5,,,,5613.0,,0.92,
EPIC 207389002,K2,CANDIDATE,2.931226,,,90.0,,,,6097.0,4.37,1.12,
EPIC 207517400,K2,FALSE_POSITIVE,6.3878,,,65.0,,,,6668.0,4.331,1.25,
EPIC 207739861,K2,CANDIDATE,1.81449,,,27.0,,,,5614.0,4.49,0.92,
EPIC 208445756,K2,CANDIDATE,22.4844,,,79.0,,,,6173.0,4.35,1.15,
EPIC 208833261,K2,CANDIDATE,3.47323985883,,,16.65896453,,,,7406.97,4.27763,1.56373,
EPIC 209036259,K2,CANDIDATE,0.369181,,,16.5,,,,6020.0,3.762,2.22,
EPIC 209286622,K2,CANDIDATE,6.71694,,,39.0,,,,5267.0,4.549,0.82,
EPIC 210365511,K2,CANDIDATE,3.951971,,,8.44551389,,,,4672.0,4.63,0.692034,
EPIC 210371175,K2,CANDIDATE,11.3256,,,2.18,,,,,,1.043,
EPIC 210384192,K2,CANDIDATE,2.9237,,,2.57,,,,,,0.573,
EPIC 210389383,K2,CANDIDATE,14.08549,,,21.1,,,,5970.0,4.161,1.32,
EPIC 210394706,K2,CANDIDATE,15.0818,,,1.83,,,,,,0.514,
EPIC 210401157,K2,FALSE_POSITIVE,1.31559,,,102.0,,,,6721.0,3.87,2.3,
EPIC 210414957,K2,FALSE_POSITIVE,0.969967,,,59.0,,,,5272.0,4.036,1.54,
EPIC 210418253,K2,CANDIDATE,23.9683,,,1.6119,,,,5296.0,4.455,1.129,
EPIC 210423938,K2,CANDIDATE,19.860476,,,2.08349198,,,,4760.0,4.69,0.696718,
EPIC 210463428,K2,CANDIDATE,4.72048898787,,,14.61863458,,,,3553.0,4.74625,0.489916,
EPIC 210472483,K2,CANDIDATE,1.1430018,,,,,,,5551.0,,3.28495,
EPIC 210495066,K2,CANDIDATE,3.74234,,,1.61,,,,,,0.502,
K2-83,K2,CANDIDATE,24.2747,,,1.56,,,,,,0.424,
EPIC 210513446,K2,FALSE_POSITIVE,1.1489833,,,76.0,,,,5137.0,3.63,2.0,
EPIC 210524811,K2,CANDIDATE,7.46967,,,2.4,,,,,,0.279,
EPIC 210550063,K2,CANDIDATE,2.16594452,,,,,,,6194.54,4.28076,1.30635,
EPIC 210559259,K2,CANDIDATE,14.27669647,,,,,,,5160.0,4.6871,0.701437,
EPIC 210564155,K2,CANDIDATE,4.86406,,,1.09,,,,3407.0,4.92702,0.298809,
EPIC 210576234,K2,CANDIDATE,15.97700259,,,,,,,5692.43,,1.04527,
EPIC 210598340,K2,CANDIDATE,3.7342439,,,30.71,,,,,,2.642,
EPIC 210605073,K2,CANDIDATE,0.567055,,,16.22,,,,7020.0,4.0,1.42,
EPIC 210609658,K2,CANDIDATE,14.145239,,,14.86409395,,,,5016.0,3.81,2.15381,
EPIC 210625740,K2,CANDIDATE,2.386772,,,4.0,,,,,,0.286,
EPIC 210626797,K2,CANDIDATE,43.36143,,,29.8,,,,,,1.472,
EPIC 210629082,K2,CANDIDATE,27.353103,,,3.05048319,,,,6148.0,4.15,1.448467,
EPIC 210659688,K2,CANDIDATE,2.35771,,,3.0,,,,3655.0,5.007,0.267,
EPIC 210659945,K2,CANDIDATE,27.9329,,,2.51,,,,,,0.573,
EPIC 210664763,K2,CANDIDATE,3.72007,,,1.55,,,,,,0.986,
EPIC 210666756,K2,CANDIDATE,1.39657671,,,,,,,5805.0,4.48176,0.96977,
EPIC 210678858,K2,CANDIDATE,31.3537,,,3.85,,,,,,0.816,
EPIC 210696763,K2,CANDIDATE,3.6494,,,,,,,3338.0,4.89775,0.326267,
EPIC 210706310,K2,CANDIDATE,5.1718,,,0.8891,,,,5941.0,4.328,0.954,
EPIC 210708830,K2,CANDIDATE,5.7408,,,1.0668,,,,5342.0,4.704,0.76,
EPIC 210736056,K2,CANDIDATE,29.0529,,,,,,,3373.0,4.89895,0.325107,
EPIC 210744674,K2,FALSE_POSITIVE,25.2208,,,65.0,,,,6257.0,4.19,1.41,
EPIC 210754505,K2,FALSE_POSITIVE,0.87052967,,,,,,,6121.0,4.16573,1.47366,
EPIC 210769880,K2,CANDIDATE,1.43689647,,,,,,,4876.7,,10.8463,
EPIC 210775710,K2,CANDIDATE,59.848566,,,10.81438298,,,,5738.0,4.4,0.983415,
EPIC 210777017,K2,CANDIDATE,11.376,,,2.03,,,,,,0.636,
EPIC 210789323,K2,FALSE_POSITIVE,29.12555,,,205.0,,,,4936.0,3.28,3.9,
EPIC 210801536,K2,CANDIDATE,0.8925,,,2.7,,,,,,2.0,
EPIC 210813978,K2,CANDIDATE,14.7582,,,,,,,4434.0,,0.7,
EPIC 210827030,K2,FALSE_POSITIVE,0.5111,,,,,,,3092.0,5.03845,0.214796,
EPIC 210843708,K2,CANDIDATE,0.7041655,,,,,,,4564.0,,9.3189,
EPIC 210852232,K2,CANDIDATE,1.93426,,,1.64,,,,,,0.928,
EPIC 210877025,K2,CANDIDATE,18.03895153,,,,,,,5089.61,4.47396,0.88619,
EPIC 210903662,K2,CANDIDATE,2.41040731,,,,,,,6276.0,3.95894,1.92538,
EPIC 210925707,K2,CANDIDATE,1.6865884,,,,,,,6199.0,3.57767,2.93748,
EPIC 210933299,K2,CANDIDATE,8.4044,,,1.24,,,,,,0.307,
EPIC 210935498,K2,CANDIDATE,1.1829266,,,29.0,,,,,,1.51,
EPIC 210945680,K2,CANDIDATE,20.5949,,,1.5097,,,,5969.0,4.386,1.059,
EPIC 210954046,K2,FALSE_POSITIVE,0.950356,,,6.94,,,,6125.0,3.0,0.94,
EPIC 210956385,K2,CANDIDATE,56.6205,,,7.68,,,,,,0.904,
EPIC 210958990,K2,CANDIDATE,1.702301,,,19.1,,,,6116.0,4.24,1.28,
EPIC 210961508,K2,CANDIDATE,0.3499146,,,39.4,,,,,,2.43,
K2-178,K2,CANDIDATE,4.27681,,,2.27,,,,,,0.938,
EPIC 210967369,K2,CANDIDATE,7.1149,,,0.9835,,,,5534.0,4.411,0.953,
EPIC 211002562,K2,CANDIDATE,3.347872,,,28.1,,,,,,2.2,
EPIC 211009047,K2,CANDIDATE,1.31982263,,,,,,,6196.8,3.58502,2.91272,
EPIC 211058748,K2,CANDIDATE,3.32257,,,2.53,,,,,,1.108,
EPIC 211064647,K2,CANDIDATE,,,,44.0,,,,,,1.6,
HIP 17704,K2,FALSE_POSITIVE,2.4616,,,,,,,9962.0,4.11227,2.32365,
EPIC 211087003,K2,CANDIDATE,,,,8.7,,,,,,0.96,
EPIC 211093684,K2,FALSE_POSITIVE,7.0502,,,,,,,4947.69,4.65197,0.705709,
EPIC 211106187,K2,CANDIDATE,14.643071,,,66.04981083,,,,4883.0,2.27,13.183733,
EPIC 211107835,K2,CANDIDATE,18.8652,,,1.57,,,,,,0.642,
EPIC 211133138,K2,CANDIDATE,7.434876,,,32.0,,,,,,1.74,
EPIC 211147528,K2,CANDIDATE,2.349455,,,15.8,,,,7056.0,4.06,1.81,
EPIC 211158357,K2,CANDIDATE,0.2990737,,,7.6,,,,,,0.231,
EPIC 211169300,K2,CANDIDATE,16.43831081,,,,,,,5997.0,3.91664,1.92033,
EPIC 211201576,K2,CANDIDATE,5.88165,,,2.58,,,,,,1.37,
EPIC 211305568,K2,CANDIDATE,11.55059,,,1.98,,,,3677.0,4.76387,0.469901,
EPIC 211308899,K2,CANDIDATE,6.423,,,,,,,5053.72,,5.86835,
EPIC 211309648,K2,CANDIDATE,3.1393667,,,15.9004,,,,5653.4,4.08,1.52,
EPIC 211315836,K2,CANDIDATE,1.385246,,,5.01,,,,,,1.407,
EPIC 211319779,K2,CANDIDATE,13.8240078,,,2.38171,,,,5129.0,4.67,0.71,
EPIC 211321953,K2,CANDIDATE,22.194346,,,3.174,,,,5660.0,4.283,1.069,
EPIC 211327855,K2,CANDIDATE,1.72397,,,1.33,,,,,,0.885,
EPIC 211328748,K2,CANDIDATE,17.178,,,,,,,5814.52,4.20761,1.33351,
EPIC 211333233,K2,CANDIDATE,5.409,,,,,,,3949.0,,45.4751,
EPIC 211335816,K2,CANDIDATE,4.99,,,,,,,6242.0,4.09458,1.63356,
EPIC 211336288,K2,CANDIDATE,0.22181,,,1.13,,,,3942.0,4.66358,0.585409,
EPIC 211336616,K2,CANDIDATE,44.13,,,,,,,4865.94,,10.7024,
EPIC 211342524,K2,CANDIDATE,14.448767,,,44.2,,,,,,1.36,
EPIC 211357309,K2,CANDIDATE,0.463954,,,0.53,,,,,,0.272,
EPIC 211365543,K2,CANDIDATE,5.264,,,,,,,6190.82,4.11773,1.5774,
EPIC 211372788,K2,CANDIDATE,1.529084,,,48.0,,,,,,1.654,
EPIC 211375488,K2,CANDIDATE,2.084,,,,,,,,,,
EPIC 211383821,K2,CANDIDATE,1.56699,,,1.34,,,,,,0.603,
EPIC 211390903,K2,CANDIDATE,7.757595,,,1.95,,,,,,0.713,
EPIC 211393988,K2,CANDIDATE,4.871902,,,15.383,,,,6466.0,4.113,1.817,
EPIC 211396431,K2,CANDIDATE,8.514184,,,38.298,,,,4885.0,2.69,8.384,
EPIC 211397774,K2,FALSE_POSITIVE,0.967865,,,,,,,5255.0,4.417,0.97198,
EPIC 211397844,K2,CANDIDATE,16.168833,,,,,,,5186.0,3.371,5.653,
EPIC 211402878,K2,FALSE_POSITIVE,25.23658,,,,,,,3777.0,4.56823,0.701898,
EPIC 211407755,K2,CANDIDATE,36.0861607,,,,,,,4726.0,4.63,0.67,
EPIC 211408138,K2,FALSE_POSITIVE,10.337864,,,,,,,6281.0,,1.96735,
EPIC 211408558,K2,CANDIDATE,9.967689,,,2.005,,,,5882.0,4.455,1.031,
EPIC 211409299,K2,FALSE_POSITIVE,13.919301,,,,,,,5330.07,4.19884,1.2633,
EPIC 211411891,K2,FALSE_POSITIVE,0.954863,,,,,,,5544.91,4.49537,0.926751,
EPIC 211413463,K2,CANDIDATE,3.25182,,,33.2,,,,,,0.63,
EPIC 211418290,K2,CANDIDATE,5.032134,,,25.83,,,,,,2.516,
EPIC 211419451,K2,CANDIDATE,6.45795,,,2.78,,,,,,0.9389,
EPIC 211422822,K2,FALSE_POSITIVE,0.554633,,,,,,,4729.0,4.362,0.951566,
EPIC 211424769,K2,CANDIDATE,5.176243,,,19.44301811,,,,6185.0,4.34,1.118972,
EPIC 211425822,K2,FALSE_POSITIVE,2.153178,,,,,,,5523.0,4.42712,0.997379,
EPIC 211428897,K2,CANDIDATE,1.610888,,,0.82,,,,,,0.299,
EPIC 211429934,K2,FALSE_POSITIVE,0.565934,,,,,,,5309.0,4.01449,1.55349,
EPIC 211430148,K2,FALSE_POSITIVE,15.091257,,,,,,,5369.0,4.02323,1.55474,
EPIC 211431013,K2,FALSE_POSITIVE,3.102398,,,,,,,5483.32,3.88435,1.85351,
EPIC 211432103,K2,CANDIDATE,0.93346092,,,,,,,6035.64,3.65014,2.62165,
EPIC 211432167,K2,FALSE_POSITIVE,5.817737,,,,,,,6290.85,3.56404,3.03613,
EPIC 211432176,K2,FALSE_POSITIVE,5.817854,,,,,,,,,,
EPIC 211432922,K2,CANDIDATE,5.81861,,,3.4,,,,,,0.38,
EPIC 211432946,K2,FALSE_POSITIVE,1.671965,,,,,,,3243.0,4.75171,0.483697,
EPIC 211436313,K2,CANDIDATE,4.332837,,,2.263,,,,4768.0,4.693,0.725,
EPIC 211436876,K2,CANDIDATE,1.1524,,,0.6746,,,,5992.0,4.386,1.057,
EPIC 211438731,K2,CANDIDATE,20.486455,,,2.762,,,,3664.0,4.852,0.371,
EPIC 211439059,K2,CANDIDATE,18.634179,,,1.49,,,,,,0.821,
EPIC 211442571,K2,CANDIDATE,5.19287,,,1.29,,,,,,0.826,
EPIC 211449931,K2,FALSE_POSITIVE,6.663685,,,,,,,5691.67,4.39416,1.05709,
EPIC 211451776,K2,CANDIDATE,12.17682,,,2.244,,,,4477.0,4.739,0.637,
EPIC 211452175,K2,FALSE_POSITIVE,11.114394,,,,,,,5904.69,3.69039,2.44643,
EPIC 211453076,K2,FALSE_POSITIVE,0.524461,,,,,,,3112.0,5.06358,0.200172,
EPIC 211453223,K2,FALSE_POSITIVE,9.056947,,,,,,,4942.0,4.2978,1.05773,
EPIC 211468153,K2,FALSE_POSITIVE,0.737735,,,,,,,4908.37,3.97144,1.53058,
EPIC 211469889,K2,CANDIDATE,7.07737,,,2.1,,,,,,0.662,
EPIC 211471048,K2,FALSE_POSITIVE,0.799768,,,,,,,8175.71,4.29318,1.67093,
EPIC 211477347,K2,FALSE_POSITIVE,1.641114,,,,,,,8231.0,4.65708,1.10451,
EPIC 211480861,K2,CANDIDATE,6.3508198,,,,,,,7461.0,4.03,2.11,
EPIC 211490299,K2,FALSE_POSITIVE,0.555516,,,,,,,,,,
EPIC 211492384,K2,CANDIDATE,0.635328,,,,,,,6420.0,4.176,1.531,
EPIC 211492449,K2,CANDIDATE,16.24196986,,,,,,,4499.02,,10.4554,
EPIC 211492541,K2,FALSE_POSITIVE,1.031746,,,,,,,7598.94,4.1513,1.85084,
EPIC 211493669,K2,FALSE_POSITIVE,0.58337,,,,,,,5802.79,4.71327,0.742872,
EPIC 211503824,K2,CANDIDATE,2.047195,,,,,,,6150.0,4.476,0.958,
EPIC 211505089,K2,CANDIDATE,24.4472,,,1.82,,,,,,0.647,
EPIC 211506851,K2,CANDIDATE,10.542179,,,3.123,,,,5441.0,4.423,0.916,
EPIC 211509665,K2,FALSE_POSITIVE,3.247194,,,,,,,5581.0,4.29641,1.17125,
EPIC 211510580,K2,CANDIDATE,5.31471,,,1.45,,,,,,0.355,
EPIC 211516501,K2,CANDIDATE,3.84981,,,1.86,,,,,,1.42,
EPIC 211524114,K2,FALSE_POSITIVE,0.715676,,,,,,,4476.31,,7.82356,
EPIC 211524558,K2,FALSE_POSITIVE,0.546969,,,,,,,5162.92,4.38094,0.996147,
EPIC 211526186,K2,FALSE_POSITIVE,0.682618,,,,,,,6120.16,3.61756,2.77001,
EPIC 211533633,K2,CANDIDATE,2.126953,,,1.7,,,,4020.0,4.696,0.573,
EPIC 211534342,K2,FALSE_POSITIVE,0.512702,,,,,,,4513.0,4.28207,1.00839,
EPIC 211535327,K2,CANDIDATE,20.2244,,,2.94,,,,,,0.8325,
EPIC 211535481,K2,FALSE_POSITIVE,0.539696,,,,,,,,,,
K2-356,K2,CANDIDATE,42.3822512,,,2.58,,,,5568.0,4.52,0.86,
EPIC 211538193,K2,FALSE_POSITIVE,0.597258,,,,,,,5374.42,4.06755,1.47741,
EPIC 211540348,K2,FALSE_POSITIVE,0.620388,,,,,,,7577.62,4.34034,1.48463,
EPIC 211541590,K2,CANDIDATE,9.81881482,,,,,,,3463.0,4.81652,0.411081,
EPIC 211543616,K2,CANDIDATE,1.518232,,,,,,,5510.0,4.237,1.209,
EPIC 211544257,K2,CANDIDATE,1.63013,,,,,,,6190.0,4.136,1.602,
EPIC 211546613,K2,CANDIDATE,2.007472,,,,,,,3790.0,4.783,0.473,
EPIC 211551160,K2,CANDIDATE,37.4059,,,2.32,,,,,,0.581,
EPIC 211552050,K2,CANDIDATE,3.544965,,,1.9,,,,4860.0,4.602,0.701,
EPIC 211563123,K2,FALSE_POSITIVE,17.325857,,,,,,,6047.27,3.51759,3.05384,
EPIC 211569704,K2,CANDIDATE,34.023,,,,,,,4534.56,,11.253,
EPIC 211572480,K2,FALSE_POSITIVE,6.2043,,,1.8527,,,,,,,
EPIC 211572511,K2,CANDIDATE,10.39528014,,,,,,,5714.27,4.54932,0.8881,
EPIC 211578235,K2,CANDIDATE,11.00357542,,,,,,,5506.87,4.37825,1.0551,
EPIC 211579683,K2,CANDIDATE,9.0102,,,3.6,,,,,,0.738,
EPIC 211586387,K2,CANDIDATE,35.383,,,,,,,4663.0,4.65877,0.667213,
EPIC 211589784,K2,FALSE_POSITIVE,1.359386,,,,,,,5723.55,4.23049,1.28259,
EPIC 211590050,K2,CANDIDATE,26.0,,,10.48,,,,6414.0,4.16,1.57,
EPIC 211600389,K2,FALSE_POSITIVE,0.630717,,,,,,,6591.15,4.18015,1.57514,
EPIC 211600632,K2,FALSE_POSITIVE,0.630718,,,,,,,,,,
EPIC 211604981,K2,FALSE_POSITIVE,12.427163,,,,,,,6435.2,3.7925,2.39747,
EPIC 211606790,K2,CANDIDATE,37.246869,,,23.8036385,,,,5445.0,4.05,1.475643,
EPIC 211607670,K2,FALSE_POSITIVE,1.348851,,,,,,,6311.4,4.24688,1.38773,
EPIC 211607804,K2,FALSE_POSITIVE,1.490219,,,,,,,7175.46,4.16698,1.72824,
EPIC 211611139,K2,CANDIDATE,1.882213,,,,,,,6590.0,4.178,1.568,
EPIC 211613886,K2,FALSE_POSITIVE,0.958786,,,,,,,5512.55,4.3918,1.0377,
EPIC 211616939,K2,CANDIDATE,1.8554,,,,,,,4990.0,2.964,10.091,
EPIC 211619120,K2,FALSE_POSITIVE,11.100314,,,,,,,4928.18,,3.70395,
EPIC 211619805,K2,CANDIDATE,1.855827,,,,,,,4720.0,4.627,0.664,
EPIC 211619879,K2,CANDIDATE,15.7512,,,1.38,,,,,,0.582,
EPIC 211620138,K2,CANDIDATE,1.855421,,,,,,,11500.0,4.055,2.734,
EPIC 211621644,K2,FALSE_POSITIVE,0.921358,,,,,,,5255.22,4.16118,1.30486,
EPIC 211621961,K2,FALSE_POSITIVE,11.078847,,,,,,,5162.0,,1.9631,
EPIC 211625003,K2,FALSE_POSITIVE,0.530431,,,,,,,5666.31,4.09583,1.49032,
EPIC 211626490,K2,FALSE_POSITIVE,0.747734,,,,,,,8498.37,4.32425,1.65596,
EPIC 211630537,K2,FALSE_POSITIVE,0.69719,,,,,,,5535.52,4.0963,1.45971,
EPIC 211631538,K2,CANDIDATE,5.513327,,,3.9,,,,5020.0,4.562,0.77,
EPIC 211631904,K2,FALSE_POSITIVE,0.884004,,,,,,,5119.55,4.63135,0.742353,
EPIC 211638401,K2,CANDIDATE,0.53027,,,1.4,,,,3880.0,4.706,0.558,
EPIC 211638883,K2,FALSE_POSITIVE,0.543877,,,,,,,6177.78,4.24133,1.36241,
EPIC 211639283,K2,FALSE_POSITIVE,6.741846,,,,,,,4861.09,,2.13528,
EPIC 211642307,K2,CANDIDATE,20.9913,,,1.44,,,,,,0.386,
EPIC 211642882,K2,CANDIDATE,23.89959501695,,,12.83075359,,,,4736.5,4.55,0.76962,
EPIC 211644647,K2,FALSE_POSITIVE,2.044175,,,,,,,5480.16,3.62471,2.49927,
EPIC 211644764,K2,CANDIDATE,23.5306712,,,9.25,,,,6688.0,4.05,1.9,
EPIC 211645912,K2,CANDIDATE,10.6741,,,1.86,,,,,,0.9538,
EPIC 211649214,K2,CANDIDATE,3.78795,,,,,,,5126.0,3.476,4.182,
EPIC 211651743,K2,FALSE_POSITIVE,0.516235,,,,,,,7701.0,4.05568,2.08947,
EPIC 211662047,K2,FALSE_POSITIVE,0.635238,,,,,,,4743.31,4.39196,0.919305,
EPIC 211663508,K2,FALSE_POSITIVE,0.544418,,,,,,,5076.71,4.30977,1.06871,
EPIC 211663688,K2,CANDIDATE,1.855516,,,,,,,3110.0,5.092,0.189,
EPIC 211664543,K2,FALSE_POSITIVE,0.698333,,,,,,,4081.0,4.59923,0.664517,
EPIC 211673349,K2,CANDIDATE,4.894289,,,4.1,,,,4440.0,4.62,0.686,
EPIC 211679060,K2,CANDIDATE,12.601781,,,2.788,,,,5791.0,4.269,1.088,
EPIC 211682423,K2,CANDIDATE,6.96350934,,,,,,,6244.89,4.33403,1.23998,
EPIC 211685045,K2,CANDIDATE,0.769057,,,2.06,,,,3832.0,4.9,0.54,
EPIC 211694226,K2,CANDIDATE,1.91828,,,1.0,,,,,,,
EPIC 211705502,K2,FALSE_POSITIVE,2.5819,,,1.9422,,,,,,,
EPIC 211705654,K2,FALSE_POSITIVE,2.5331,,,,,,,5301.32,4.02194,1.54022,
EPIC 211710534,K2,FALSE_POSITIVE,3.022569,,,,,,,6481.66,4.0052,1.89113,
EPIC 211711685,K2,CANDIDATE,15.462807,,,1.266,,,,5509.0,4.414,0.919,
EPIC 211718105,K2,FALSE_POSITIVE,2.958763,,,,,,,5935.86,3.72999,2.34828,
EPIC 211718187,K2,CANDIDATE,5.51633,,,1.38,,,,,,0.306,
EPIC 211719484,K2,CANDIDATE,0.36091387,,,,,,,6175.0,3.94242,1.92205,
EPIC 211721325,K2,FALSE_POSITIVE,1.052364,,,,,,,5157.0,4.286,1.1112,
EPIC 211724246,K2,CANDIDATE,4.7464485,,,10.3209,,,,5890.5,3.76,2.26,
EPIC 211728689,K2,CANDIDATE,8.952623,,,8.917,,,,5258.0,4.586,0.856,
EPIC 211731298,K2,CANDIDATE,1.99043,,,,,,,5086.0,,0.82,
EPIC 211732801,K2,FALSE_POSITIVE,2.131554,,,,,,,6147.31,3.72939,2.44273,
EPIC 211733267,K2,CANDIDATE,8.658,,,,,,,5127.0,4.46444,0.901716,
EPIC 211736305,K2,CANDIDATE,14.5616,,,2.82,,,,,,0.849,
EPIC 211737652,K2,FALSE_POSITIVE,2.46819,,,,,,,8315.0,4.92436,0.817957,
EPIC 211738534,K2,FALSE_POSITIVE,0.56802,,,,,,,3385.0,4.78052,0.451115,
EPIC 211741619,K2,CANDIDATE,2.787663,,,2.2,,,,3950.0,4.676,0.602,
EPIC 211744153,K2,FALSE_POSITIVE,4.612166,,,,,,,5444.37,,2.82645,
EPIC 211750072,K2,FALSE_POSITIVE,0.595558,,,,,,,5854.74,4.3011,1.20541,
EPIC 211754117,K2,CANDIDATE,13.798845,,,1.665,,,,4980.0,4.686,0.68,
EPIC 211754962,K2,CANDIDATE,3.41052823,,,,,,,3985.0,4.5894,0.674996,
EPIC 211759163,K2,FALSE_POSITIVE,0.595667,,,,,,,,,,
EPIC 211762841,K2,CANDIDATE,1.56494,,,2.06,,,,,,0.556,
EPIC 211764271,K2,FALSE_POSITIVE,3.576744,,,,,,,5896.1,4.23348,1.30914,
EPIC 211764373,K2,FALSE_POSITIVE,3.57678,,,,,,,5474.0,4.47964,0.934009,
EPIC 211765695,K2,CANDIDATE,7.5587,,,2.643,,,,3974.0,4.579,0.677,
EPIC 211768007,K2,FALSE_POSITIVE,0.542912,,,,,,,5974.29,3.77362,2.25382,
EPIC 211770390,K2,FALSE_POSITIVE,3.79018,,,,,,,5762.0,,,
EPIC 211770867,K2,CANDIDATE,27.693,,,,,,,6286.0,4.0632,1.7076,
EPIC 211783206,K2,CANDIDATE,7.13142,,,9.6,,,,,,3.4,
EPIC 211784767,K2,CANDIDATE,3.57804902,,,,,,,6024.0,4.08194,1.59182,
EPIC 211788221,K2,CANDIDATE,12.89398,,,1.12,,,,,,0.191,
EPIC 211791178,K2,CANDIDATE,9.562742,,,2.01,,,,4349.9,,0.667217,
EPIC 211796070,K2,CANDIDATE,1.89016107,,,,,,,4491.0,4.54108,0.74574,
EPIC 211797637,K2,CANDIDATE,1.640707,,,2.09,,,,,,0.572,
EPIC 211799258,K2,CANDIDATE,19.53403,,,12.7,,,,,,0.45,
EPIC 211800191,K2,CANDIDATE,1.106182,,,15.6,,,,,,0.84,
EPIC 211804579,K2,FALSE_POSITIVE,1.52317871,,,,,,,5735.72,4.49249,0.950472,
EPIC 211807456,K2,FALSE_POSITIVE,0.504961,,,,,,,5169.0,4.46826,0.906039,
EPIC 211808055,K2,CANDIDATE,3.383,,,,,,,5603.82,4.41736,1.019,
EPIC 211809568,K2,FALSE_POSITIVE,0.593274,,,,,,,5557.0,4.36492,1.07692,
EPIC 211812160,K2,FALSE_POSITIVE,1.085097,,,,,,,6503.37,3.61442,2.97681,
EPIC 211812935,K2,CANDIDATE,3.6079916,,,15.3816,,,,5308.3,,1.89,
EPIC 211814313,K2,CANDIDATE,15.405101,,,,,,,5910.0,4.145,1.475,
EPIC 211814733,K2,FALSE_POSITIVE,14.71,,,,,,,5167.0,,2.19732,
EPIC 211817229,K2,CANDIDATE,2.176955,,,1.25,,,,,,0.169,
EPIC 211822797,K2,CONFIRMED,21.1595,,,,,,,3811.0,4.65371,0.597044,
EPIC 211822953,K2,FALSE_POSITIVE,1.549381,,,,,,,3570.0,4.70154,0.541211,
EPIC 211825866,K2,CANDIDATE,0.95017067,,,,,,,5339.0,4.65577,0.746527,
EPIC 211826814,K2,CANDIDATE,1.53453,,,1.02,,,,,4.96079,0.29,
EPIC 211828142,K2,FALSE_POSITIVE,20.180269,,,,,,,3380.0,4.8817,0.342147,
EPIC 211829982,K2,FALSE_POSITIVE,5.803439,,,,,,,5029.0,4.35546,1.00796,
EPIC 211830293,K2,CANDIDATE,20.893526,,,,,,,6020.0,4.041,1.765,
EPIC 211831378,K2,FALSE_POSITIVE,3.48928,,,0.91,,,,3742.0,4.58372,0.682132,
EPIC 211834065,K2,CANDIDATE,10.545,,,,,,,6046.92,3.90591,1.95293,
EPIC 211837343,K2,CANDIDATE,12.0808,,,2.53,,,,,,0.682,
EPIC 211838158,K2,FALSE_POSITIVE,0.575349,,,,,,,5033.0,4.32349,1.04575,
EPIC 211839430,K2,FALSE_POSITIVE,2.612938,,,,,,,5014.02,,4.77742,
EPIC 211839462,K2,FALSE_POSITIVE,2.612804,,,,,,,5987.0,3.35558,3.64705,
EPIC 211841496,K2,FALSE_POSITIVE,0.522199,,,,,,,,,,
EPIC 211843564,K2,CANDIDATE,0.4520313,,,5.3,,,,,,0.569,
EPIC 211852187,K2,FALSE_POSITIVE,14.343042,,,,,,,3260.0,4.80422,0.424653,
EPIC 211858408,K2,FALSE_POSITIVE,0.628876,,,,,,,6688.0,4.24194,1.49352,
EPIC 211858489,K2,FALSE_POSITIVE,0.636109,,,,,,,6100.77,4.0605,1.65628,
EPIC 211859295,K2,CANDIDATE,11.09226,,,2.495,,,,4496.0,4.611,0.703,
EPIC 211863149,K2,CANDIDATE,2.61299,,,,,,,3520.0,4.798,0.458,
EPIC 211876245,K2,CANDIDATE,8.97146,,,,,,,5330.0,4.481,0.872,
EPIC 211885185,K2,FALSE_POSITIVE,4.397187,,,,,,,6090.0,4.02887,1.71021,
EPIC 211886472,K2,CANDIDATE,19.63975,,,,,,,6730.0,3.963,2.183,
EPIC 211892082,K2,CANDIDATE,10.90364,,,2.214,,,,3929.0,4.669,0.59,
EPIC 211892395,K2,CANDIDATE,0.995061,,,,,,,5080.0,4.468,0.864,
EPIC 211897272,K2,CANDIDATE,11.2362,,,2.25,,,,,,0.955,
K2-339,K2,CANDIDATE,5.749481,,,2.93,,,,,,0.765,
EPIC 211901114,K2,CANDIDATE,1.6488,,,,,,,3392.0,4.78569,0.445314,
EPIC 211904310,K2,CANDIDATE,24.399869,,,18.43,,,,6404.0,4.12,1.65,
EPIC 211906259,K2,CANDIDATE,2.52,,,,,,,5707.44,4.37448,1.08666,
EPIC 211906940,K2,FALSE_POSITIVE,0.526316,,,,,,,4397.0,,,
EPIC 211910237,K2,FALSE_POSITIVE,1.108972,,,,,,,,,,
EPIC 211913395,K2,CANDIDATE,9.35739,,,2.69,,,,,,0.595,
EPIC 211914445,K2,CANDIDATE,1.810718,,,,,,,5680.0,4.257,1.178,
EPIC 211914718,K2,FALSE_POSITIVE,0.582017,,,,,,,5385.55,4.35439,1.06418,
EPIC 211914889,K2,CANDIDATE,1.81042,,,,,,,3050.0,4.808,0.313,
EPIC 211914960,K2,CANDIDATE,1.810834,,,,,,,3230.0,3.921,0.888,
K2-358,K2,CANDIDATE,24.6237203,,,2.33,,,,5650.0,4.49,0.91,
EPIC 211915147,K2,FALSE_POSITIVE,1.810708,,,,,,,6805.0,3.86952,2.32513,
EPIC 211919555,K2,FALSE_POSITIVE,9.484994,,,,,,,,,,
EPIC 211919842,K2,FALSE_POSITIVE,9.510911,,,,,,,3941.0,4.4422,0.777317,
EPIC 211920462,K2,FALSE_POSITIVE,9.516793,,,,,,,,,,
EPIC 211920528,K2,FALSE_POSITIVE,9.48658,,,,,,,6119.69,4.00394,1.76772,
EPIC 211920604,K2,FALSE_POSITIVE,9.487929,,,,,,,6214.0,3.6707,2.65019,
EPIC 211920811,K2,FALSE_POSITIVE,9.49259,,,,,,,4645.01,,7.25626,
EPIC 211925181,K2,CANDIDATE,8.841,,,2.43,,,,,,0.584,
EPIC 211925595,K2,CANDIDATE,45.38331501,,,,,,,4793.26,4.50159,0.815611,
EPIC 211928959,K2,FALSE_POSITIVE,0.858462,,,,,,,4467.0,4.43376,0.840819,
EPIC 211929937,K2,CANDIDATE,3.47701708869,,,11.85710209,,,,5225.91,4.53759,0.84127,
EPIC 211934173,K2,FALSE_POSITIVE,0.520451,,,,,,,,,,
EPIC 211939692,K2,CANDIDATE,,,,4.31,,,,,,1.294,
EPIC 211941472,K2,CANDIDATE,5.7837,,,1.38,,,,,,1.31,
EPIC 211942157,K2,FALSE_POSITIVE,1.324292,,,,,,,7114.0,3.77025,2.71166,
EPIC 211942755,K2,CANDIDATE,19.729071,,,2.239,,,,4735.0,4.619,0.712,
EPIC 211945201,K2,CONFIRMED,19.491,,,,,,,6128.0,4.2324,1.3636,
EPIC 211946007,K2,FALSE_POSITIVE,1.982809,,,,,,,3330.0,4.958,0.291,
EPIC 211953244,K2,CANDIDATE,29.724674,,,1.439,,,,5339.0,4.515,0.854,
EPIC 211955798,K2,FALSE_POSITIVE,0.616444,,,,,,,4937.26,4.59535,0.750931,
EPIC 211964001,K2,FALSE_POSITIVE,7.218071,,,,,,,6727.06,4.14708,1.67346,
EPIC 211964025,K2,FALSE_POSITIVE,7.219626,,,,,,,8075.0,3.91392,2.55977,
EPIC 211964332,K2,CANDIDATE,7.220537,,,,,,,5420.0,4.435,0.932,
EPIC 211964555,K2,FALSE_POSITIVE,7.220943,,,,,,,3092.0,4.93367,0.292863,
EPIC 211965883,K2,CANDIDATE,10.55532,,,2.64,,,,,,0.623,
EPIC 211970234,K2,FALSE_POSITIVE,1.4835,,,1.41,,,,3200.0,4.9064,0.317944,
EPIC 211972086,K2,FALSE_POSITIVE,6.0162,,,,,,,3249.0,4.82637,0.400314,
EPIC 211972627,K2,CANDIDATE,1.092845,,,,,,,5620.0,4.468,0.951,
EPIC 211972681,K2,CANDIDATE,1.092673,,,,,,,5140.0,4.557,0.783,
EPIC 211972837,K2,FALSE_POSITIVE,1.092917,,,,,,,7226.47,4.14565,1.78223,
EPIC 211978865,K2,CANDIDATE,0.907765,,,77.0,,,,,,1.21,
EPIC 211987231,K2,CANDIDATE,17.04066667,,,,,,,6117.37,,,
EPIC 211988320,K2,CANDIDATE,63.84825,,,2.86,,,,3973.09,4.50191,0.731598,
HIP 41232,K2,CANDIDATE,8.986648,,,143.0368808,,,,5265.0,3.2,4.260594,
EPIC 211995325,K2,CANDIDATE,0.279258,,,8.41,,,,4071.0,4.838,0.62,
EPIC 211995398,K2,CANDIDATE,32.5795,,,10.44,,,,,,0.633,
EPIC 211997641,K2,CANDIDATE,1.744546,,,,,,,6530.0,3.921,2.316,
EPIC 212002525,K2,FALSE_POSITIVE,11.6158,,,,,,,3189.0,4.88475,0.339085,
K2-274,K2,CANDIDATE,74.8,,,4.34,,,,5044.0,4.64,0.7,
EPIC 212009150,K2,CANDIDATE,6.83292,,,1.3,,,,,,0.18,
EPIC 212009427,K2,FALSE_POSITIVE,0.77845,,,,,,,3859.0,4.42916,0.779314,
EPIC 212009702,K2,FALSE_POSITIVE,0.923861,,,,,,,6235.06,3.96046,1.90631,
EPIC 212010565,K2,FALSE_POSITIVE,2.851451,,,,,,,7137.0,3.9455,2.22321,
EPIC 212012387,K2,FALSE_POSITIVE,3.244126,,,,,,,4274.11,4.27547,0.987047,
EPIC 212019055,K2,FALSE_POSITIVE,0.821436,,,,,,,6046.46,4.13261,1.5043,
EPIC 212020442,K2,FALSE_POSITIVE,3.888853,,,,,,,3693.0,4.5728,0.696024,
EPIC 212024647,K2,FALSE_POSITIVE,3.696871,,,,,,,6401.57,4.2073,1.47855,
EPIC 212024672,K2,CANDIDATE,3.697161,,,,,,,3120.0,4.991,0.245,
EPIC 212026226,K2,FALSE_POSITIVE,1.769505,,,,,,,5988.0,4.34462,1.16794,
EPIC 212033577,K2,CANDIDATE,23.702342,,,,,,,6280.0,4.021,1.869,
EPIC 212035441,K2,CANDIDATE,2.714743,,,1.198,,,,3634.0,4.802,0.415,
EPIC 212036875,K2,CANDIDATE,5.169887,,,9.1,,,,6830.0,4.256,1.45,
EPIC 212037403,K2,FALSE_POSITIVE,3.40819,,,,,,,5416.13,4.55423,0.849526,
EPIC 212039539,K2,FALSE_POSITIVE,2.22982,,,,,,,7391.0,3.95746,2.26072,
EPIC 212040382,K2,CANDIDATE,4.4455436,,,15.8181,,,,6355.8,3.89,2.11,
EPIC 212041206,K2,CANDIDATE,23.917716,,,,,,,5050.0,4.507,0.828,
EPIC 212041476,K2,CANDIDATE,2.783705,,,2.4,,,,5890.0,4.487,0.939,
EPIC 212044495,K2,FALSE_POSITIVE,1.830767,,,,,,,6141.42,4.51379,0.98712,
EPIC 212048046,K2,CANDIDATE,9.375266,,,3.545,,,,4571.0,4.597,0.747,
EPIC 212048503,K2,FALSE_POSITIVE,0.617674,,,,,,,5271.68,4.30878,1.10095,
EPIC 212052250,K2,CANDIDATE,0.986765,,,,,,,6080.0,4.201,1.4,
EPIC 212053988,K2,FALSE_POSITIVE,0.579309,,,,,,,4888.0,4.34193,0.999114,
EPIC 212060710,K2,FALSE_POSITIVE,1.204338,,,,,,,5633.43,4.52269,0.907171,
EPIC 212060895,K2,FALSE_POSITIVE,0.604228,,,,,,,,,,
EPIC 212066407,K2,CANDIDATE,0.82182448,,,,,,,5990.46,3.63301,2.64987,
EPIC 212066805,K2,FALSE_POSITIVE,0.816734,,,,,,,6318.08,4.02502,1.79519,
EPIC 212068493,K2,CANDIDATE,14.220246,,,,,,,6130.0,4.185,1.461,
EPIC 212069706,K2,FALSE_POSITIVE,0.547674,,,,,,,4926.69,4.55541,0.786265,
EPIC 212071939,K2,FALSE_POSITIVE,1.743013,,,,,,,7935.6,3.7763,2.95299,
EPIC 212075294,K2,FALSE_POSITIVE,0.55082,,,,,,,,,,
EPIC 212075842,K2,FALSE_POSITIVE,1.153456,,,,,,,5378.01,,2.96865,
EPIC 212082682,K2,FALSE_POSITIVE,3.797473,,,,,,,5024.68,4.57184,0.785698,
EPIC 212083250,K2,FALSE_POSITIVE,0.518748,,,,,,,6490.0,4.32611,1.31192,
EPIC 212083455,K2,FALSE_POSITIVE,0.518754,,,,,,,5514.41,4.53621,0.878754,
EPIC 212085654,K2,FALSE_POSITIVE,0.98972,,,,,,,5424.29,4.29798,1.13922,
EPIC 212085740,K2,FALSE_POSITIVE,4.845561,,,,,,,5723.1,4.32206,1.15426,
EPIC 212086717,K2,FALSE_POSITIVE,0.643142,,,,,,,5412.54,4.36509,1.05452,
HIP 41431,K2,CANDIDATE,1.466473,,,,,,,4570.0,4.413,0.981,
EPIC 212099230,K2,CANDIDATE,7.112,,,,,,,5595.68,4.51583,0.909317,
EPIC 212109233,K2,FALSE_POSITIVE,1.991357,,,,,,,6118.76,4.29746,1.26082,
EPIC 212110007,K2,FALSE_POSITIVE,16.7004351,,,,,,,5018.76,4.27453,1.09979,
EPIC 212114260,K2,CANDIDATE,20.016917,,,,,,,5790.0,4.451,0.97,
EPIC 212115388,K2,FALSE_POSITIVE,1.488249,,,,,,,4080.0,4.25797,0.982781,
EPIC 212116340,K2,FALSE_POSITIVE,0.610205,,,,,,,5470.83,,1.18417,
EPIC 212117087,K2,FALSE_POSITIVE,1.07639,,,,,,,6523.0,4.15682,1.6002,
EPIC 212120773,K2,CANDIDATE,5.17518,,,1.53,,,,,,0.826,
EPIC 212133517,K2,CANDIDATE,9.73605539,,,,,,,5508.0,4.47265,0.946449,
EPIC 212136123,K2,CANDIDATE,2.22645,,,2.6,,,,,,0.782,
EPIC 212138198,K2,CANDIDATE,3.209,,,,,,,5060.51,,0.910204,
EPIC 212141021,K2,CANDIDATE,2.91825,,,1.65,,,,,,0.776,
EPIC 212150006,K2,CANDIDATE,0.898,,,,,,,,,,
EPIC 212152341,K2,CANDIDATE,6.676,,,,,,,4036.0,,,
EPIC 212154158,K2,FALSE_POSITIVE,1.023613,,,,,,,6658.58,3.63727,2.97485,
EPIC 212159514,K2,CANDIDATE,0.545702,,,,,,,5330.0,3.514,4.752,
EPIC 212159623,K2,CANDIDATE,4.70751,,,1.52,,,,,,0.998,
EPIC 212163353,K2,FALSE_POSITIVE,5.173531,,,,,,,5188.24,4.2635,1.14689,
EPIC 212171851,K2,FALSE_POSITIVE,5.489456,,,,,,,5151.0,,3.27338,
EPIC 212175087,K2,FALSE_POSITIVE,0.699705,,,,,,,6804.44,3.95889,2.09781,
EPIC 212181307,K2,FALSE_POSITIVE,0.555317,,,,,,,5295.0,4.33146,1.07851,
EPIC 212181460,K2,FALSE_POSITIVE,0.569192,,,,,,,6510.0,4.20163,1.51974,
EPIC 212182233,K2,FALSE_POSITIVE,0.751394,,,,,,,5480.0,4.21057,1.27317,
EPIC 212194007,K2,CANDIDATE,1.17715,,,,,,,6390.0,3.846,2.529,
EPIC 212207194,K2,FALSE_POSITIVE,9.148701,,,,,,,6072.0,3.97029,1.8215,
EPIC 212207368,K2,CANDIDATE,1.190316,,,,,,,3420.0,4.916,0.335,
EPIC 212208163,K2,FALSE_POSITIVE,2.724469,,,,,,,6707.0,4.18091,1.60222,
EPIC 212210390,K2,FALSE_POSITIVE,12.886147,,,,,,,5033.0,4.55074,0.805017,
EPIC 212214592,K2,FALSE_POSITIVE,0.723102,,,,,,,5897.77,4.31518,1.19162,
EPIC 212219881,K2,CANDIDATE,6.924808,,,8.5,,,,5300.0,4.55,0.795,
EPIC 212221986,K2,FALSE_POSITIVE,0.526018,,,,,,,3614.0,4.59239,0.671247,
EPIC 212223307,K2,CANDIDATE,1.190354,,,,,,,6350.0,3.88,2.407,
EPIC 212225413,K2,FALSE_POSITIVE,0.793048,,,,,,,5459.0,3.92312,1.76335,
EPIC 212225806,K2,FALSE_POSITIVE,0.594392,,,,,,,5552.0,,,
EPIC 212225986,K2,FALSE_POSITIVE,1.160308,,,,,,,4331.0,4.37613,0.883616,
EPIC 212227092,K2,CANDIDATE,5.190254,,,,,,,3120.0,3.97,0.645,
EPIC 212228567,K2,CANDIDATE,11.480611,,,23.562,,,,4692.0,3.138,5.415,
EPIC 212228588,K2,FALSE_POSITIVE,0.59812,,,,,,,4142.0,4.30907,0.935307,
EPIC 212228994,K2,CANDIDATE,1.095841,,,,,,,5920.0,3.996,1.906,
EPIC 212270970,K2,CANDIDATE,1.717,,,,,,,6049.0,4.03491,1.69089,
EPIC 212278644,K2,CANDIDATE,12.426,,,,,,,5926.0,4.21306,1.34653,
EPIC 212283840,K2,CANDIDATE,16.715029,,,3.402,,,,5406.0,4.49,0.854,
EPIC 212294561,K2,CANDIDATE,2.76294135,,,,,,,5794.0,4.66219,0.787867,
EPIC 212297394,K2,CONFIRMED,2.289363,,,1.48,,,,5171.0,4.55,0.8,
EPIC 212301649,K2,CANDIDATE,1.225,,,,,,,5222.0,4.5427,0.836336,
EPIC 212303338,K2,CANDIDATE,0.595621,,,0.58303133,,,,5338.0,4.51,0.863058,
EPIC 212304395,K2,CANDIDATE,1.605718,,,16.0,,,,,,1.9,
EPIC 212310244,K2,CANDIDATE,6.669,,,,,,,5048.0,4.48154,0.871771,
EPIC 212311834,K2,CANDIDATE,17.788652,,,47.8,,,,,,0.76,
EPIC 212315941,K2,CANDIDATE,12.9348816,,,,,,,,,,
EPIC 212321305,K2,CANDIDATE,34.144,,,,,,,5690.0,3.98668,1.68987,
EPIC 212328538,K2,CANDIDATE,3.56467,,,1.62,,,,,,0.564,
EPIC 212329106,K2,CANDIDATE,21.0791,,,2.71,,,,,,1.362,
EPIC 212330265,K2,CANDIDATE,4.17458,,,1.08,,,,,,0.28,
EPIC 212346723,K2,CANDIDATE,15.9489,,,2.48,,,,,,1.29,
EPIC 212351026,K2,CANDIDATE,2.548,,,,,,,3545.0,4.72355,0.515866,
EPIC 212351405,K2,CANDIDATE,2.549,,,,,,,,,,
EPIC 212351868,K2,CANDIDATE,2.500285,,,64.215,,,,6051.0,3.934,2.481,
EPIC 212362217,K2,CANDIDATE,0.6962935,,,3.85,,,,,,1.107,
EPIC 212370106,K2,CANDIDATE,22.446,,,,,,,4118.0,4.5655,0.693527,
EPIC 212380207,K2,CANDIDATE,26.147,,,,,,,5442.0,4.59709,0.811187,
EPIC 212393193,K2,CANDIDATE,14.452,,,,,,,6318.0,4.43683,1.11514,
EPIC 212396050,K2,CANDIDATE,6.16596,,,,,,,5882.0,,1.3,
EPIC 212398508,K2,CANDIDATE,46.4221,,,2.66,,,,,,0.893,
EPIC 212406474,K2,CANDIDATE,1.852487,,,36.8,,,,,,2.479,
EPIC 212409658,K2,CANDIDATE,3.746332,,,1.638,,,,4395.0,4.615,0.726,
EPIC 212421673,K2,CANDIDATE,28.24765,,,38.5,,,,,,3.57,
EPIC 212421749,K2,CANDIDATE,25.3606,,,3.11,,,,,,0.815,
EPIC 212422536,K2,CANDIDATE,15.7086,,,1.96,,,,,,0.595,
EPIC 212424622,K2,CONFIRMED,18.0983,,,2.17,,,,,,,
EPIC 212425103,K2,CANDIDATE,0.946,,,,,,,5336.0,4.59366,0.801858,
EPIC 212428509,K2,CANDIDATE,2.667929,,,50.7,,,,,,0.94,
EPIC 212432685,K2,CANDIDATE,1.063,,,,,,,,,,
EPIC 212434019,K2,CANDIDATE,24.006249,,,23.826,,,,6150.0,4.165,1.506,
EPIC 212435047,K2,CANDIDATE,1.11562824,,,,,,,5806.0,4.37755,1.09339,
EPIC 212443457,K2,CANDIDATE,24.462656,,,13.6,,,,,,0.68,
EPIC 212443973,K2,CANDIDATE,0.779,,,,,,,,,,
EPIC 212451091,K2,CANDIDATE,12.666,,,,,,,5690.0,4.48856,0.948236,
EPIC 212454160,K2,CANDIDATE,0.876,,,,,,,5849.0,4.11289,1.49707,
EPIC 212454422,K2,CANDIDATE,3.26945,,,3.9,,,,,,0.276,
EPIC 212464382,K2,CANDIDATE,4.07337,,,0.928,,,,,,0.794,
EPIC 212495601,K2,CANDIDATE,21.6768,,,2.87,,,,,,1.003,
EPIC 212497862,K2,CANDIDATE,6.80213,,,1.82,,,,,,0.379,
EPIC 212499835,K2,CANDIDATE,6.883,,,,,,,4900.0,,1.76623,
EPIC 212499991,K2,CONFIRMED,34.885,,,1.6,,,,,,,
EPIC 212524671,K2,CANDIDATE,11.52898,,,3.93,,,,,,0.533,
EPIC 212525174,K2,CANDIDATE,3.44791,,,1.46,,,,,,0.637,
EPIC 212525618,K2,CANDIDATE,14.4307,,,2.28,,,,,,0.986,
EPIC 212529560,K2,CANDIDATE,8.121,,,,,,,5672.0,4.40284,1.04659,
EPIC 212534729,K2,CANDIDATE,13.485,,,1.67,,,,,,0.879,
EPIC 212535959,K2,CANDIDATE,17.732736,,,23.212,,,,5650.0,4.03,1.684,
EPIC 212540985,K2,CANDIDATE,1.096473,,,78.0,,,,,,1.913,
K2-192,K2,CANDIDATE,4.162764,,,1.5,,,,,,0.83,
EPIC 212560683,K2,CANDIDATE,13.7043,,,1.3,,,,,,1.014,
EPIC 212562715,K2,CANDIDATE,13.52583,,,2.49,,,,,,0.927,
EPIC 212563850,K2,CANDIDATE,14.311,,,,,,,4076.0,4.66576,0.614558,
EPIC 212569876,K2,CANDIDATE,21.379793,,,2.088,,,,4722.0,4.665,0.698,
EPIC 212570977,K2,CANDIDATE,8.853025,,,14.4,,,,,,0.87,
EPIC 212572439,K2,CANDIDATE,2.58166013,,,,,,,4998.0,4.47836,0.86975,
EPIC 212572452,K2,FALSE_POSITIVE,2.581,,,,,,,4076.0,4.48523,0.757718,
EPIC 212577658,K2,CANDIDATE,14.069,,,,,,,,,,
EPIC 212579164,K2,CANDIDATE,18.155653,,,55.0,,,,,,0.83,
EPIC 212579424,K2,CANDIDATE,6.373,,,,,,,6518.0,4.57297,0.991065,
EPIC 212585579,K2,CANDIDATE,3.021944,,,10.8,,,,,,1.082,
EPIC 212586030,K2,CANDIDATE,7.783286,,,155.7,,,,,,3.83,
EPIC 212587672,K2,CONFIRMED,15.2841,,,1.12,,,,,,,
EPIC 212590677,K2,CANDIDATE,,,,15.2,,,,,,0.797,
EPIC 212592101,K2,CANDIDATE,4.54462,,,6.6,,,,,,0.487,
EPIC 212601505,K2,CANDIDATE,0.72436144,,,,,,,3276.0,4.60926,0.650416,
EPIC 212616320,K2,CANDIDATE,12.346663,,,2.345,,,,5685.0,4.371,1.011,
EPIC 212621075,K2,CANDIDATE,31.4782,,,2.6,,,,,,0.7556,
EPIC 212622766,K2,CANDIDATE,6.02226,,,2.02,,,,,,0.9738,
EPIC 212624936,K2,CONFIRMED,0.578657,,,1.2,,,,5765.0,4.4,0.93,
EPIC 212628098,K2,FALSE_POSITIVE,4.352428,,,16.6,,,,,,0.67,
EPIC 212634172,K2,CANDIDATE,2.851702,,,2.16,,,,,,0.303,
EPIC 212636654,K2,CANDIDATE,11.090822,,,1.818,,,,5763.0,4.259,0.989,
EPIC 212639319,K2,CANDIDATE,13.83851,,,8.26,,,,,,2.65,
EPIC 212645891,K2,CANDIDATE,0.32814902,,,,,,,5793.0,4.36933,1.10379,
EPIC 212646483,K2,CANDIDATE,8.253,,,,,,,5419.0,3.79948,2.02234,
EPIC 212648083,K2,CANDIDATE,20.5827,,,2.98,,,,,,1.099,
EPIC 212652418,K2,CANDIDATE,19.1324,,,2.73,,,,,,1.347,
EPIC 212661144,K2,CANDIDATE,2.45840745,,,,,,,5528.0,4.49154,0.926086,
EPIC 212679181,K2,CANDIDATE,1.05459,,,1.29,,,,3445.0,4.7085,0.533176,
EPIC 212679798,K2,FALSE_POSITIVE,1.83473,,,29.93,,,,4385.0,4.44232,0.826606,
EPIC 212685467,K2,CANDIDATE,,,,24.0,,,,,,0.951,
EPIC 212688722,K2,CANDIDATE,5.734172,,,6.2,,,,5192.0,3.618,2.747,
EPIC 212688920,K2,CANDIDATE,62.841,,,,,,,4971.0,4.24294,1.13363,
EPIC 212690867,K2,CANDIDATE,25.8614,,,1.58,,,,,,0.295,
EPIC 212691727,K2,CANDIDATE,6.430383,,,4.309,,,,5735.0,4.314,1.054,
EPIC 212703473,K2,CANDIDATE,6.78882,,,2.8,,,,,,1.76,
EPIC 212705192,K2,CANDIDATE,2.268,,,,,,,5789.0,3.78943,2.15197,
EPIC 212712473,K2,CANDIDATE,7.264,,,,,,,,,,
EPIC 212730483,K2,CANDIDATE,3.4914,,,1.18,,,,,,0.572,
EPIC 212735133,K2,CANDIDATE,7.685505,,,2.084,,,,5176.0,4.587,0.703,
EPIC 212737443,K2,CONFIRMED,13.603,,,,,,,4581.0,4.64691,0.669035,
EPIC 212743333,K2,CANDIDATE,14.78545,,,2.62,,,,,,0.623,
EPIC 212746655,K2,CANDIDATE,34.383193,,,2.856,,,,5666.0,4.343,0.972,
EPIC 212753343,K2,CANDIDATE,19.984217,,,2.846,,,,6823.0,4.004,1.753,
EPIC 212757601,K2,CANDIDATE,1.017968,,,36.1,,,,,,0.75,
EPIC 212771557,K2,CANDIDATE,8.491003,,,2.228,,,,5432.0,4.51,0.841,
EPIC 212772113,K2,CANDIDATE,8.95366,,,3.32,,,,,,0.841,
EPIC 212772313,K2,CANDIDATE,37.361973,,,2.74426869,,,,5675.0,4.25,1.116937,
EPIC 212773272,K2,FALSE_POSITIVE,4.681743,,,5.4,,,,,,0.25,
EPIC 212773309,K2,FALSE_POSITIVE,4.68199,,,48.33,,,,4636.0,4.40064,0.895684,
EPIC 212783902,K2,CANDIDATE,24.748442,,,16.683,,,,5803.0,4.637,0.637,
EPIC 212796016,K2,CANDIDATE,3.216,,,,,,,3954.0,4.63225,0.622576,
EPIC 212797028,K2,CANDIDATE,29.978884,,,15.3,,,,,,0.94,
EPIC 212813907,K2,CANDIDATE,6.725,,,,,,,4891.0,4.52512,0.80913,
EPIC 212817071,K2,CANDIDATE,12.24568,,,2.047,,,,5329.0,4.573,0.796,
EPIC 212821706,K2,CANDIDATE,13.8883,,,1.46,,,,,,0.592,
EPIC 212830737,K2,CANDIDATE,26.939433,,,2.869,,,,5716.0,4.312,1.02,
EPIC 212833814,K2,CANDIDATE,27.7985,,,2.47,,,,,,1.484,
EPIC 212839127,K2,CANDIDATE,20.641492,,,49.5,,,,,,1.05,
EPIC 212844216,K2,CANDIDATE,12.634794,,,47.553,,,,4999.0,2.32,10.265,
EPIC 212865617,K2,CANDIDATE,7.535783,,,3.131,,,,3990.0,4.718,0.659,
EPIC 212870185,K2,CANDIDATE,6.116238,,,4.886,,,,6283.0,4.154,1.544,
EPIC 212883391,K2,CANDIDATE,9.668373,,,2.628,,,,5368.0,4.527,0.817,
EPIC 213123443,K2,CANDIDATE,0.546127,,,11.3,,,,,,1.447,
EPIC 213408445,K2,CANDIDATE,2.49686,,,90.0,,,,,,11.0,
EPIC 213462890,K2,CANDIDATE,5.84643,,,10.4,,,,,,0.698,
EPIC 213546283,K2,CANDIDATE,9.76897,,,,,,,5388.0,,1.2,
EPIC 213703832,K2,CANDIDATE,0.515513,,,3.4,,,,,,0.75,
EPIC 213722591,K2,CANDIDATE,6.7826,,,1.88,,,,,,0.705,
EPIC 213748480,K2,CANDIDATE,3.12951,,,18.6,,,,,,1.99,
EPIC 213817056,K2,CANDIDATE,13.61358,,,3.39689521,,,,4863.0,4.38,0.780921,
EPIC 213840781,K2,CANDIDATE,12.364531,,,36.3,,,,,,0.76,
EPIC 213919434,K2,CANDIDATE,6.79867,,,4.4,,,,,,1.601,
EPIC 213919915,K2,CANDIDATE,1.489154,,,1.9,,,,,,2.4,
EPIC 213920015,K2,CANDIDATE,1.489184,,,1.0,,,,,,0.87,
EPIC 213951550,K2,FALSE_POSITIVE,1.117027,,,16.9,,,,,,0.27,
K2-379,K2,CANDIDATE,14.1297,,,1.4,,,,,,0.69,
EPIC 214234110,K2,CANDIDATE,4.63789,,,2.04,,,,,,1.021,
EPIC 214254518,K2,CANDIDATE,5.059033,,,1.03801946,,,,4455.0,4.68,0.623766,
EPIC 214512594,K2,CANDIDATE,1.876899,,,13.2,,,,,,0.774,
EPIC 214522613,K2,CANDIDATE,10.99044,,,1.16,,,,3584.0,4.73663,0.500884,
EPIC 214611894,K2,CANDIDATE,21.568409,,,20.5,,,,,,1.21,
EPIC 214630761,K2,CANDIDATE,1.236438,,,50.0,,,,,,3.2,
EPIC 214741009,K2,CANDIDATE,7.269622,,,32.9,,,,,,0.73,
EPIC 214888033,K2,CANDIDATE,7.457597,,,8.7,,,,,,1.037,
EPIC 214912104,K2,CANDIDATE,43.1029,,,12.2,,,,,,1.923,
EPIC 214984368,K2,CANDIDATE,0.2633809,,,370.0,,,,,,37.7,
EPIC 215101303,K2,CANDIDATE,15.20726,,,26.2,,,,,,1.59,
EPIC 215125108,K2,CANDIDATE,0.738067,,,260.0,,,,,,25.0,
EPIC 215171927,K2,CANDIDATE,4.135707,,,1.59980974,,,,4972.0,4.52,0.76364,
EPIC 215175768,K2,CANDIDATE,1.726115,,,5.6,,,,,,0.839,
EPIC 215234145,K2,CANDIDATE,1.2539936,,,31.7,,,,,,0.948,
EPIC 215353525,K2,CANDIDATE,0.9085915,,,23.1,,,,,,0.95,
EPIC 215358983,K2,CANDIDATE,6.421719,,,15.3,,,,,,1.1,
EPIC 215364084,K2,CANDIDATE,2.74324,,,28.0,,,,,,4.88,
EPIC 215381481,K2,CANDIDATE,0.533393,,,19.5,,,,,,14.8,
EPIC 215389654,K2,CANDIDATE,23.510811,,,18.4,,,,,,0.97,
EPIC 215502661,K2,CANDIDATE,21.521554,,,2.40003126,,,,5694.0,4.22,1.160188,
EPIC 215525178,K2,CANDIDATE,5.33988,,,1.27,,,,,,0.611,
EPIC 215714765,K2,CANDIDATE,6.689131,,,29.9,,,,,,1.011,
EPIC 215717520,K2,CANDIDATE,,,,13.66,,,,,,0.738,
EPIC 215739094,K2,CANDIDATE,3.6322288,,,32.2,,,,,,2.67,
EPIC 215816368,K2,CANDIDATE,10.14588,,,19.43,,,,,,1.198,
EPIC 215854715,K2,CANDIDATE,11.12366,,,1.8,,,,,,0.8327,
EPIC 215894766,K2,CANDIDATE,,,,57.0,,,,,,1.532,
EPIC 215938010,K2,CANDIDATE,1.15144,,,,,,,5809.0,,1.91,
EPIC 216050437,K2,CANDIDATE,14.94889,,,21.9,,,,,,1.69,
EPIC 216111905,K2,CANDIDATE,3.0203,,,5.6,,,,,,1.265,
EPIC 216114172,K2,CANDIDATE,13.12227,,,2.02,,,,,,1.004,
EPIC 216166748,K2,CANDIDATE,19.68075,,,2.55,,,,,,1.079,
EPIC 216212516,K2,CANDIDATE,3.38492,,,1.48,,,,,,0.528,
EPIC 216231580,K2,CANDIDATE,3.90723655504,,,15.34164425,,,,5500.0,4.28377,1.17027,
EPIC 216334329,K2,CANDIDATE,28.077484,,,67.3,,,,,,1.54,
EPIC 216357880,K2,CANDIDATE,11.86386,,,2.21,,,,,,0.848,
EPIC 216363472,K2,CANDIDATE,8.6929,,,1.81,,,,,,1.079,
EPIC 216387101,K2,CANDIDATE,9.761854,,,3.4422482,,,,5529.0,3.91,1.770928,
EPIC 216876207,K2,CANDIDATE,32.3204,,,3.3,,,,,,0.245,
EPIC 216892056,K2,CANDIDATE,2.786008,,,1.9,,,,,,0.42,
EPIC 217084873,K2,CANDIDATE,8.60133,,,5.31,,,,,,1.016,
EPIC 217149884,K2,CANDIDATE,16.692356,,,17.0,,,,,,0.9,
EPIC 217231249,K2,CANDIDATE,4.833191,,,25.31,,,,,,1.8456,
EPIC 217393088,K2,CANDIDATE,1.3194719,,,14.3,,,,,,1.31,
EPIC 217855533,K2,CANDIDATE,21.587326,,,1.78061635,,,,6244.0,4.11,1.466377,
EPIC 218170789,K2,CANDIDATE,3.041617,,,8.9894717,,,,5250.0,4.31,0.873673,
EPIC 218195416,K2,CANDIDATE,0.4951253,,,28.8,,,,,,1.87,
EPIC 218300572,K2,CANDIDATE,1.589843,,,49.0,,,,,,3.93,
EPIC 218304292,K2,CANDIDATE,8.42177,,,3.13,,,,,,1.0511,
EPIC 218332621,K2,CANDIDATE,9.811589,,,4.253,,,,5953.0,4.066,1.882,
EPIC 218621322,K2,CANDIDATE,11.5843558517,,,5.49928933,,,,5631.0,4.36,1.09295,
EPIC 218695436,K2,CANDIDATE,1.549318,,,42.6,,,,,,1.67,
EPIC 218701083,K2,CANDIDATE,5.0521,,,2.1388,,,,6262.0,4.178,1.476,
EPIC 218709665,K2,CANDIDATE,1.9363475,,,46.0,,,,,,1.687,
EPIC 218711655,K2,CANDIDATE,1.157563,,,12.3,,,,,,1.46,
EPIC 218874453,K2,CANDIDATE,2.17469,,,1.8,,,,,,1.083,
EPIC 218901589,K2,CANDIDATE,1.658223,,,0.867,,,,,,0.917,
EPIC 218952024,K2,CANDIDATE,0.56007,,,1.67,,,,,,0.441,
EPIC 218973982,K2,CANDIDATE,4.88451,,,16.1,,,,,,0.73,
EPIC 219111248,K2,CANDIDATE,4.35967,,,2.31,,,,,,0.559,
EPIC 219114906,K2,CANDIDATE,1.81053,,,1.024,,,,,,0.543,
EPIC 219256848,K2,CANDIDATE,20.94388,,,170.0,,,,,,12.43,
EPIC 219266595,K2,CANDIDATE,0.944284,,,1.48,,,,,,0.684,
EPIC 219388192,K2,CANDIDATE,5.29136017752,,,11.52204139,,,,5555.0,4.39749,1.03676,
EPIC 219420915,K2,CANDIDATE,0.515013,,,26.1,,,,,,1.3,
EPIC 219480273,K2,CANDIDATE,26.4837,,,1.98,,,,,,1.378,
EPIC 219610716,K2,CANDIDATE,2.08807,,,12.4,,,,,,4.44,
EPIC 219747794,K2,CANDIDATE,34.3797,,,118.0,,,,,,4.0,
EPIC 219760360,K2,CANDIDATE,1.4095126,,,70.0,,,,,,1.82,
EPIC 220168663,K2,CANDIDATE,3.22513,,,2.33,,,,,,0.437,
K2-203,K2,CANDIDATE,4.9234,,,1.18,,,,,,0.776,
EPIC 220173278,K2,CANDIDATE,8.03216,,,2.42,,,,,,1.85,
EPIC 220187552,K2,CANDIDATE,17.093319,,,17.7,,,,,,0.426,
EPIC 220192485,K2,CANDIDATE,50.693644,,,8.68300668,,,,5220.0,4.54,0.792931,
EPIC 220198551,K2,CANDIDATE,0.7988525,,,4.00703,,,,4785.0,4.45252,0.86,
EPIC 220201207,K2,CANDIDATE,0.4378443,,,41.0,,,,,,1.3,
EPIC 220204960,K2,CANDIDATE,13.26931,,,23.8,,,,,,1.127,
EPIC 220207765,K2,CANDIDATE,7.119856,,,1.8797781,,,,5318.0,4.68,0.852371,
EPIC 220209578,K2,CANDIDATE,8.904672,,,26.1,,,,,,1.014,
EPIC 220228500,K2,CANDIDATE,2.5048178,,,3.9467,,,,5328.0,4.47,0.92,
EPIC 220245303,K2,CANDIDATE,3.68047,,,1.11,,,,,,0.777,
K2-211,K2,CANDIDATE,2.6017,,,1.47,,,,,,0.839,
EPIC 220258394,K2,CANDIDATE,15.960128,,,19.5,,,,,,0.87,
EPIC 220260084,K2,CANDIDATE,16.9616,,,2.7,,,,,,1.277,
EPIC 220263105,K2,CANDIDATE,0.7175747,,,28.1,,,,,,0.818,
EPIC 220267210,K2,CANDIDATE,5.1645,,,0.784,,,,,,0.255,
EPIC 220275625,K2,CANDIDATE,3.44795,,,0.97,,,,,,0.332,
EPIC 220280237,K2,CANDIDATE,,,,36.0,,,,,,1.208,
EPIC 220282718,K2,CANDIDATE,0.5551606,,,11.4,,,,,,1.657,
EPIC 220287611,K2,CANDIDATE,6.26242,,,2.03,,,,,,0.762,
EPIC 220288191,K2,CANDIDATE,24.4131,,,15.3,,,,,,0.64,
EPIC 220288594,K2,CANDIDATE,4.02748,,,1.24,,,,,,0.5901,
EPIC 220290988,K2,CANDIDATE,10.55369,,,2.72,,,,,,0.88,
EPIC 220292715,K2,CANDIDATE,41.55209,,,4.3,,,,,,0.73,
EPIC 220294712,K2,CANDIDATE,23.6088,,,3.43,,,,,,1.203,
EPIC 220299658,K2,CANDIDATE,21.98131,,,197.025,,,,4491.0,1.773,22.415,
EPIC 220309058,K2,CANDIDATE,9.64954,,,2.74,,,,,,0.593,
EPIC 220315508,K2,CANDIDATE,6.5534,,,1.11,,,,,,0.766,
EPIC 220316844,K2,CANDIDATE,0.6719977,,,25.2,,,,,,1.79,
EPIC 220317172,K2,CANDIDATE,4.4358,,,1.3,,,,,,0.879,
EPIC 220322327,K2,CANDIDATE,3.31347,,,3.8,,,,,,0.824,
EPIC 220336320,K2,CANDIDATE,1.72767,,,21.3,,,,,,0.37,
EPIC 220342163,K2,CANDIDATE,4.69942,,,2.5,,,,,,0.605,
EPIC 220356827,K2,FALSE_POSITIVE,4.7535,,,1.5147,,,,5986.0,4.222,1.27,
EPIC 220393791,K2,CANDIDATE,12.7256,,,2.16,,,,,,1.001,
EPIC 220395416,K2,CANDIDATE,45.4939,,,7.17,,,,,,1.626,
EPIC 220397060,K2,CANDIDATE,12.092199,,,5.84432297,,,,5333.0,4.2,0.990979,
EPIC 220400100,K2,CANDIDATE,10.7946,,,2.34,,,,,,0.618,
EPIC 220400525,K2,CANDIDATE,57.8396,,,9.8,,,,,,0.729,
EPIC 220401029,K2,CANDIDATE,4.49161,,,2.01,,,,,,0.823,
EPIC 220410754,K2,CANDIDATE,19.4989,,,2.32,,,,,,1.085,
EPIC 220416518,K2,CANDIDATE,3.78177,,,1.81,,,,,,1.095,
EPIC 220431824,K2,CANDIDATE,9.073266,,,23.32,,,,,,1.763,
EPIC 220434612,K2,CANDIDATE,2.010607,,,1.28,,,,3806.0,4.641,0.618,
EPIC 220436189,K2,CANDIDATE,13.6094,,,2.44,,,,,,0.564,
EPIC 220436208,K2,CANDIDATE,5.23587,,,4.86,,,,,,1.248,
EPIC 220436943,K2,CANDIDATE,2.43807,,,2.15,,,,,,0.625,
EPIC 220443340,K2,CANDIDATE,6.80111,,,1.96,,,,,,0.291,
EPIC 220448185,K2,CANDIDATE,0.36432247904,,,6.95273914,,,,3473.0,4.87657,0.347331,
EPIC 220466136,K2,CANDIDATE,17.1057,,,5.91,,,,,,0.592,
EPIC 220470563,K2,CANDIDATE,7.30383,,,2.18,,,,,,0.715,
EPIC 220471100,K2,FALSE_POSITIVE,7.3274,,,2.1225,,,,5197.0,4.609,0.96,
EPIC 220477223,K2,CANDIDATE,4.684559,,,4.757,,,,5829.0,4.244,1.184,
EPIC 220482322,K2,CANDIDATE,57.8415,,,6.13,,,,,,1.495,
EPIC 220492298,K2,CONFIRMED,0.762406,,,0.99,,,,5620.0,4.5,0.89,
EPIC 220492492,K2,CANDIDATE,9.4538,,,1.91,,,,,,0.932,
EPIC 220526079,K2,CANDIDATE,7.51114,,,2.98,,,,,,0.643,
EPIC 220527374,K2,CANDIDATE,10.4347,,,1.69,,,,,,0.816,
HIP 4601,K2,CANDIDATE,15.246593,,,78.0,,,,,,1.91,
K2-282,K2,CONFIRMED,0.70531,,,1.6,,,,5499.0,4.5,1.0,
EPIC 220555384,K2,CANDIDATE,4.284523,,,1.30280156,,,,4360.0,4.69,0.62182,
EPIC 220556827,K2,CANDIDATE,6.53074,,,,,,,3628.0,,0.69,
EPIC 220562610,K2,CANDIDATE,,,,6.71,,,,,,1.256,
EPIC 220565337,K2,CANDIDATE,14.753,,,3.0,,,,,,0.5666,
EPIC 220565349,K2,CANDIDATE,21.77635,,,37.0,,,,,,1.122,
EPIC 220571481,K2,CANDIDATE,8.78627,,,3.16,,,,,,1.184,
EPIC 220573228,K2,CANDIDATE,57.1050077,,,5.93946,,,,5816.0,4.49,0.97,
EPIC 220579319,K2,CANDIDATE,39.3266,,,3.57,,,,,,1.346,
EPIC 220598367,K2,CANDIDATE,7.64514,,,6.5,,,,,,1.06,
EPIC 220605820,K2,CANDIDATE,46.47688,,,62.0,,,,,,2.394,
EPIC 220606084,K2,CANDIDATE,,,,12.32,,,,,,1.698,
EPIC 220616148,K2,CANDIDATE,6.73572,,,,,,,5740.0,,1.17,
EPIC 220631484,K2,CANDIDATE,13.26773,,,4.04,,,,,,0.813,
EPIC 220639177,K2,CANDIDATE,7.14238,,,1.75,,,,,,0.679,
EPIC 220643470,K2,CANDIDATE,2.653275,,,118.0,,,,,,24.8,
EPIC 220644522,K2,CANDIDATE,40.938,,,3.57,,,,,,1.083,
EPIC 220648214,K2,CANDIDATE,29.435233,,,2.91662791,,,,5785.0,4.21,1.199507,
EPIC 220650843,K2,CANDIDATE,10.22657,,,2.71,,,,,,0.681,
EPIC 220657558,K2,CANDIDATE,3.91764,,,2.94,,,,,,1.35,
EPIC 220663602,K2,CANDIDATE,6.4063,,,0.888,,,,,,0.195,
EPIC 220666631,K2,CANDIDATE,31.9761,,,3.92,,,,,,1.461,
EPIC 220674823,K2,CONFIRMED,0.571336,,,1.8,,,,,,0.97,
EPIC 220679255,K2,CANDIDATE,8.1344,,,2.36,,,,,,1.153,
EPIC 220708327,K2,CANDIDATE,2.52894,,,1.44,,,,,,0.962,
EPIC 220725183,K2,CANDIDATE,2.311162,,,51.6,,,,,,1.58,
EPIC 226042826,K2,CANDIDATE,3.128977,,,1.282,,,,5140.0,4.625,0.976,
EPIC 228682364,K2,FALSE_POSITIVE,0.872893,,,,,,,,,,
EPIC 228707509,K2,CANDIDATE,15.35092,,,16.31,,,,5417.0,4.46174,0.943467,
EPIC 228720681,K2,CANDIDATE,15.78157905706,,,11.76767971,,,,5780.0,4.438,1.0,
EPIC 228724899,K2,CANDIDATE,5.20256,,,3.58,,,,5489.0,4.42401,0.995782,
EPIC 228729473,K2,FALSE_POSITIVE,16.77217,,,19.29,,,,4898.0,,3.88053,
EPIC 228734889,K2,CANDIDATE,48.249552,,,17.99855135,,,,5792.0,4.52,0.956171,
EPIC 228737155,K2,CANDIDATE,25.988289,,,316.73370059,,,,4382.0,2.07,15.95329,
EPIC 228753871,K2,CANDIDATE,18.69646,,,2.35,,,,5212.0,4.62123,0.764037,
EPIC 228758948,K2,CANDIDATE,12.20239,,,4.15,,,,5869.0,4.45328,1.01169,
EPIC 228784812,K2,CANDIDATE,4.18787,,,1.36,,,,5589.98,4.45714,0.972391,
EPIC 228809391,K2,CANDIDATE,19.57833,,,2.77,,,,5613.0,4.4869,0.940594,
EPIC 228814754,K2,CANDIDATE,0.844548,,,1.005,,,,3109.0,5.13,0.165,
EPIC 228834632,K2,CANDIDATE,11.73677,,,1.82,,,,3984.72,4.469,0.761077,
EPIC 228836835,K2,CONFIRMED,0.72813,,,1.27,,,,3506.0,4.8049,0.423901,
EPIC 228846243,K2,CANDIDATE,25.58142,,,8.35,,,,5409.94,3.84995,1.9082,
EPIC 228872473,K2,CANDIDATE,10.583942,,,2.72,,,,5280.0,4.531,0.874,
EPIC 228888935,K2,CANDIDATE,5.69046,,,18.81,,,,5549.0,3.91446,1.80891,
EPIC 228952747,K2,CANDIDATE,1.055785,,,1.51966184,,,,4315.0,4.73,0.592773,
EPIC 228964773,K2,CANDIDATE,37.20364,,,5.1,,,,5476.0,4.58278,0.829429,
HIP 61018,K2,CANDIDATE,20.84919,,,3.01,,,,9767.0,4.08394,2.37225,
EPIC 229004835,K2,CONFIRMED,16.13655,,,2.02,,,,5886.0,4.47031,0.995311,
EPIC 229039390,K2,CANDIDATE,0.251647,,,27.97665274,,,,5833.0,4.41,0.986936,
EPIC 229103251,K2,CANDIDATE,11.67254,,,3.87,,,,5725.0,4.26894,1.22705,
EPIC 229133720,K2,CANDIDATE,4.03692,,,2.24,,,,4861.07,4.60421,0.735009,
EPIC 229228348,K2,CANDIDATE,3.137611,,,,,,,3579.0,4.8253,0.452762,
EPIC 230517965,K2,CANDIDATE,9.632039,,,2.279,,,,4646.0,4.608,0.697,
EPIC 236744423,K2,CANDIDATE,18.239311,,,3.792,,,,4015.0,4.809,0.477,
EPIC 245928102,K2,CANDIDATE,11.109675,,,2.462,,,,4813.0,4.66,0.657,
EPIC 245944983,K2,CANDIDATE,5.1392756,,,2.17365,,,,4014.0,4.53,0.71,
EPIC 246022853,K2,FALSE_POSITIVE,10.7228,,,1.2998,,,,5909.0,4.287,1.114,
EPIC 246030759,K2,CANDIDATE,29.957262,,,8.456,,,,4897.0,4.695,0.711,
EPIC 246042088,K2,CANDIDATE,8.04473,,,,,,,4975.0,,0.79,
EPIC 246048459,K2,FALSE_POSITIVE,2.0507,,,0.4064,,,,4514.0,4.703,0.645,
EPIC 246061904,K2,CANDIDATE,7.084267,,,3.848,,,,4572.0,4.617,0.765,
EPIC 246067130,K2,CANDIDATE,6.786539,,,1.2,,,,5866.0,4.361,0.975,
EPIC 246088339,K2,CANDIDATE,2.988541,,,3.504,,,,5761.0,4.364,1.023,
EPIC 246120353,K2,CANDIDATE,21.436032,,,2.486,,,,3627.0,4.767,0.467,
EPIC 246163416,K2,FALSE_POSITIVE,0.8768,,,8.4683,,,,3734.0,4.724,0.515,
EPIC 246178445,K2,CANDIDATE,6.39595,,,,,,,3972.0,,0.68,
EPIC 246260670,K2,CANDIDATE,3.853494,,,6.957,,,,4459.0,4.619,0.744,
EPIC 246261316,K2,CANDIDATE,4.696045,,,2.57,,,,5003.0,4.605,0.782,
EPIC 246265680,K2,CANDIDATE,8.6387,,,,,,,5120.0,,0.647,
EPIC 246270904,K2,CANDIDATE,3.98547,,,,,,,4256.0,,0.72,
EPIC 246290342,K2,CANDIDATE,16.607299,,,2.532,,,,4878.0,4.685,0.756,
EPIC 246310303,K2,CANDIDATE,16.980197,,,2.705,,,,5319.0,4.482,0.879,
EPIC 246313886,K2,CANDIDATE,1.827,,,0.99,,,,3949.0,4.753,0.503,
EPIC 246317113,K2,CANDIDATE,1.29655,,,8.559,,,,3583.0,4.645,0.586,
EPIC 246325464,K2,CANDIDATE,3.379516,,,4.742,,,,4940.0,4.585,0.741,
EPIC 246331347,K2,CANDIDATE,1.082,,,2.22,,,,3408.0,4.399,0.516,
EPIC 246331418,K2,CANDIDATE,3.35,,,0.97,,,,4408.0,4.617,0.427,
EPIC 246356732,K2,CANDIDATE,13.9145,,,,,,,6640.0,,1.6,
EPIC 246362870,K2,CANDIDATE,4.03776,,,,,,,4689.0,,0.58,
EPIC 246366798,K2,CANDIDATE,7.539949,,,2.511,,,,5661.0,4.338,1.205,
EPIC 246377038,K2,CANDIDATE,5.10555,,,10.889,,,,4938.0,4.621,1.109,
EPIC 246380972,K2,CANDIDATE,17.768404,,,2.787,,,,4961.0,4.667,0.763,
EPIC 246405278,K2,CANDIDATE,4.464438,,,6.184,,,,5894.0,4.145,1.434,
EPIC 246429728,K2,CANDIDATE,11.416439,,,3.034,,,,3668.0,4.826,0.451,
EPIC 246448041,K2,CANDIDATE,7.21084,,,2.26,,,,5739.0,4.286,1.053,
EPIC 246711015,K2,CANDIDATE,13.284219,,,1.233,,,,3245.0,5.24,0.124,
EPIC 246777408,K2,CANDIDATE,2.46564,,,30.186,,,,7068.0,3.927,2.497,
EPIC 246851148,K2,CANDIDATE,18.896192,,,1.975,,,,4459.0,4.654,0.545,
EPIC 246851721,K2,CONFIRMED,6.1802679,,,,,,,6202.0,4.157,1.586,
EPIC 246899433,K2,CANDIDATE,13.107894,,,25.768,,,,5732.0,4.353,1.081,
EPIC 246909566,K2,CANDIDATE,1.925,,,1.07,,,,3067.0,4.772,0.236,
EPIC 246920193,K2,CANDIDATE,10.1997,,,,,,,5340.0,,0.97,
EPIC 246947582,K2,CANDIDATE,21.371372,,,16.514,,,,4692.0,4.413,1.14,
EPIC 246987084,K2,CANDIDATE,7.098695,,,1.837,,,,4857.0,4.676,0.681,
EPIC 247047370,K2,CANDIDATE,4.20507412692,,,3.32404522,,,,5086.0,4.48,0.877822,
EPIC 247063356,K2,CANDIDATE,9.7051,,,,,,,5090.0,,1.24,
EPIC 247122439,K2,CANDIDATE,0.73217,,,1.108,,,,4641.0,4.526,0.827,
EPIC 247164043,K2,CANDIDATE,5.228352,,,2.282,,,,6265.0,4.223,1.272,
EPIC 247223703,K2,CANDIDATE,3.1764,,,0.9532,,,,4434.0,4.631,0.741,
EPIC 247226616,K2,CANDIDATE,2.419472,,,36.563,,,,6830.0,3.97,2.476,
EPIC 247281516,K2,CANDIDATE,6.770834,,,25.455,,,,6310.0,4.014,2.243,
EPIC 247396991,K2,CANDIDATE,14.616783,,,2.119,,,,5174.0,4.615,0.821,
EPIC 247445728,K2,CANDIDATE,13.7579,,,,,,,4860.0,,0.76,
EPIC 247560727,K2,CANDIDATE,3.3733,,,1.5839,,,,5634.0,4.494,0.779,
EPIC 247562358,K2,CANDIDATE,3.09246,,,2.413,,,,4051.0,4.661,0.698,
EPIC 247698108,K2,CANDIDATE,20.379434,,,24.603,,,,4993.0,3.279,4.259,
EPIC 247708770,K2,CANDIDATE,4.420394,,,10.293,,,,5943.0,3.917,2.875,
EPIC 247724061,K2,CANDIDATE,1.248905,,,4.073,,,,5496.0,4.235,1.289,
EPIC 247744801,K2,CANDIDATE,12.505,,,1.673,,,,5214.0,4.466,0.975,
EPIC 247856284,K2,CANDIDATE,11.95706,,,2.635,,,,5292.0,4.579,0.829,
EPIC 247874191,K2,CANDIDATE,7.624,,,2.4551,,,,5998.0,4.241,1.29,
EPIC 247885088,K2,CANDIDATE,6.363302,,,2.786,,,,4482.0,4.621,0.819,
EPIC 247988033,K2,CANDIDATE,5.164157,,,1.006,,,,3832.0,4.63,0.627,
EPIC 248018863,K2,CANDIDATE,18.001053,,,3.794,,,,5579.0,4.359,1.043,
EPIC 248222323,K2,CANDIDATE,9.426901,,,5.543,,,,5895.0,4.184,1.427,
EPIC 248420036,K2,CANDIDATE,4.71688,,,3.725,,,,4846.0,4.679,0.701,
EPIC 248526480,K2,CANDIDATE,18.436944,,,8.002,,,,5308.0,4.529,0.853,
EPIC 248527709,K2,CANDIDATE,5.751763,,,2.378,,,,4256.0,4.623,0.726,
EPIC 248574836,K2,CANDIDATE,3.917682,,,5.581,,,,4566.0,4.682,0.656,
EPIC 248639411,K2,CANDIDATE,3.577501,,,3.3001,,,,4642.1,4.43,0.87,
EPIC 248740016,K2,CANDIDATE,14.390721,,,2.55,,,,5872.0,4.352,1.025,
EPIC 248740571,K2,CANDIDATE,9.032248,,,2.364,,,,4967.0,4.668,0.762,
EPIC 248740905,K2,CANDIDATE,2.491154,,,9.774,,,,6362.0,4.122,1.756,
EPIC 248775938,K2,CANDIDATE,1.754,,,5.06,,,,4663.0,4.665,0.608,
EPIC 248782482,K2,CANDIDATE,16.222,,,1.28,,,,3852.0,4.749,0.503,
EPIC 248827616,K2,CANDIDATE,2.571267,,,5.97,,,,6216.0,4.147,1.75,
EPIC 248847494,K2,CONFIRMED,3650.0,,,12.44199,,,,4898.0,3.52,2.7,
EPIC 248865761,K2,CANDIDATE,13.071041,,,2.285,,,,5937.0,4.214,1.246,
EPIC 248869142,K2,CANDIDATE,28.848339,,,3.657,,,,5344.0,3.795,1.75,
EPIC 249217834,K2,CANDIDATE,6.695687,,,2.17,,,,5320.0,4.461,0.905,
EPIC 249236972,K2,CANDIDATE,17.818211,,,2.77,,,,3878.0,4.567,0.689,
EPIC 249239123,K2,CANDIDATE,5.116834,,,31.682,,,,6983.0,4.06,1.591,
EPIC 249373875,K2,CANDIDATE,7.522109,,,2.249,,,,6356.0,4.184,1.386,
EPIC 249391469,K2,CANDIDATE,1.075,,,,,,,3503.0,4.447,0.567,
EPIC 249401939,K2,CANDIDATE,18.786043,,,2.846,,,,5450.0,4.487,0.773,
EPIC 249418609,K2,CANDIDATE,15.320606,,,1.77,,,,5819.0,4.272,1.118,
EPIC 249476992,K2,CANDIDATE,7.943604,,,1.992,,,,5498.0,4.479,0.87,
EPIC 249559552,K2,CANDIDATE,7.815366,,,2.403,,,,4884.0,4.676,0.755,
EPIC 249561595,K2,CANDIDATE,39.57057,,,23.661,,,,5166.0,3.761,2.041,
EPIC 249599275,K2,CANDIDATE,11.29231,,,2.348,,,,4660.0,4.676,0.689,
EPIC 249649721,K2,CANDIDATE,24.481285,,,2.49,,,,4861.0,4.674,0.761,
EPIC 249703125,K2,CANDIDATE,10.307387,,,2.602,,,,5359.0,4.491,0.875,
EPIC 249731291,K2,CANDIDATE,10.205377,,,6.31,,,,6332.0,4.062,2.356,
EPIC 249822095,K2,CANDIDATE,1.696716,,,5.738,,,,5289.0,3.864,1.992,
EPIC 249827330,K2,CANDIDATE,31.396001,,,10.695,,,,5631.0,3.916,1.783,
EPIC 249828900,K2,CANDIDATE,18.277358,,,1.933,,,,4280.0,4.696,0.636,
EPIC 249865296,K2,CANDIDATE,28.888589,,,6.05,,,,6117.0,4.212,1.319,
EPIC 249883770,K2,CANDIDATE,2.228112,,,1.398,,,,4355.0,4.651,0.693,
EPIC 249893012,K2,CONFIRMED,3.5951,,,1.95,,,,5430.0,3.99,1.71,
EPIC 249901311,K2,CANDIDATE,0.801864,,,1.433,,,,3594.0,4.834,0.393,
EPIC 249921188,K2,CANDIDATE,17.562214,,,12.272,,,,5873.0,4.136,1.619,
EPIC 250001426,K2,CANDIDATE,1.705,,,,,,,,,,
EPIC 250045116,K2,CANDIDATE,35.960194,,,2.45,,,,4090.0,4.587,0.672,
EPIC 250099723,K2,CANDIDATE,17.92,,,2.07,,,,4176.0,4.696,0.576,
EPIC 250106132,K2,CANDIDATE,22.122365,,,3.715,,,,5393.0,4.517,0.969,
EPIC 251281013,K2,FALSE_POSITIVE,3.287912,,,,,,,5137.0,4.36236,1.01769,
EPIC 251286992,K2,FALSE_POSITIVE,0.505602,,,,,,,4830.0,4.4144,0.907577,
EPIC 251288417,K2,CANDIDATE,20.924593,,,,,,,2980.0,4.198,0.423,
EPIC 251292508,K2,FALSE_POSITIVE,1.288312,,,,,,,3412.0,4.67151,0.57612,
EPIC 251292838,K2,CANDIDATE,19.581519,,,,,,,5638.0,4.525,0.861,
EPIC 251294036,K2,CANDIDATE,6.854931,,,,,,,5360.0,4.343,1.031,
EPIC 251304634,K2,CANDIDATE,4.392503,,,1.11,,,,4707.0,4.634,0.669,
EPIC 251307609,K2,FALSE_POSITIVE,0.598197,,,,,,,5132.0,4.18405,1.2496,
EPIC 251308775,K2,FALSE_POSITIVE,2.804246,,,,,,,5938.45,3.70201,2.42516,
EPIC 251314585,K2,FALSE_POSITIVE,0.691617,,,,,,,5285.0,3.91131,1.74944,
EPIC 251315031,K2,FALSE_POSITIVE,0.540527,,,,,,,5187.17,4.35186,1.03596,
EPIC 251327548,K2,FALSE_POSITIVE,11.349445,,,,,,,6002.0,4.02464,1.6958,
EPIC 251330444,K2,FALSE_POSITIVE,5.998652,,,,,,,4930.0,,2.66723,
EPIC 251345848,K2,FALSE_POSITIVE,2.883162,,,,,,,6100.45,4.33075,1.21341,
EPIC 251345849,K2,FALSE_POSITIVE,0.545251,,,,,,,6074.26,4.31071,1.23632,
EPIC 251347050,K2,FALSE_POSITIVE,0.493967,,,,,,,7437.0,4.09251,1.9409,
EPIC 251353301,K2,FALSE_POSITIVE,0.504475,,,,,,,6963.0,4.36169,1.35063,
EPIC 251356484,K2,FALSE_POSITIVE,0.781949,,,,,,,5480.9,4.01992,1.58567,
EPIC 251356953,K2,FALSE_POSITIVE,5.21459,,,,,,,5457.16,4.41909,0.996212,
EPIC 251380988,K2,CANDIDATE,30.921004,,,,,,,6680.0,4.099,1.761,
EPIC 251383916,K2,FALSE_POSITIVE,1.332797,,,,,,,6519.0,4.51302,1.06188,
EPIC 251390801,K2,FALSE_POSITIVE,0.592255,,,,,,,5660.49,4.40155,1.04814,
EPIC 251393748,K2,FALSE_POSITIVE,8.07181,,,,,,,5709.51,4.25823,1.24106,
EPIC 251393916,K2,FALSE_POSITIVE,0.678473,,,,,,,5744.27,4.0497,1.5871,
EPIC 251394139,K2,FALSE_POSITIVE,26.286249,,,,,,,5980.95,4.24181,1.31469,
EPIC 251399501,K2,CANDIDATE,11.634988,,,2.605,,,,6020.0,4.306,1.096,
EPIC 251404897,K2,FALSE_POSITIVE,0.660085,,,,,,,4401.0,4.1475,1.16067,
EPIC 251411166,K2,FALSE_POSITIVE,3.37433,,,,,,,4708.0,,3.77637,
EPIC 251578729,K2,CANDIDATE,14.223889,,,21.936,,,,5023.0,4.524,1.155,
EPIC 251584580,K2,CANDIDATE,10.973135,,,2.67,,,,4940.0,4.668,0.697,
EPIC 251809286,K2,FALSE_POSITIVE,9.485826,,,,,,,,,,
EPIC 251809628,K2,FALSE_POSITIVE,7.220585,,,,,,,,,,
G 9-40,K2,CONFIRMED,5.7459996,,,,,,,3348.0,4.926,0.3073,
GJ 9827,K2,CONFIRMED,1.2089802,,,1.62,,,,4269.0,4.651,0.613,
HAT-P-54,K2,CONFIRMED,3.79985297,,,,,,,4390.0,4.667,0.617,
HAT-P-56,K2,CONFIRMED,2.7908821,,,19.1,,,,6659.0,,1.8,
HATS-11,K2,CONFIRMED,3.619188,,,18.03,,,,6563.0,4.19,1.54,
HATS-12,K2,CONFIRMED,3.142702,,,7.76,,,,6357.0,4.36,1.17,
HATS-36,K2,CONFIRMED,4.17471430219,,,13.70940899,,,,5859.0,4.38969,1.08854,
HATS-9,K2,CONFIRMED,1.915311,,,13.1414316,,,,5494.0,4.02415,1.58042,
HD 106315,K2,CONFIRMED,9.5521,,,2.23,,,,6290.0,4.29,1.18,
HD 137496,K2,CONFIRMED,1.62116,,,1.31,,,,5799.0,4.05,1.59,
HD 224018,K2,CONFIRMED,10.6413,,,0.91,,,,5784.0,4.32,1.147,
HD 3167,K2,CONFIRMED,0.959641,,,1.67,,,,5261.0,,0.88,
HD 73344,K2,CONFIRMED,15.611,,,2.884,,,,6252.6,4.372,1.22,
HD 80653,K2,CONFIRMED,0.719573,,,1.613,,,,5959.0,,1.22,
HD 89345,K2,CONFIRMED,11.8143,,,7.263432,,,,5622.0,4.083,1.733,
HIP 116454,K2,CONFIRMED,9.1205,,,2.46598,,,,5089.0,4.59,0.72,
HIP 41378,K2,CONFIRMED,15.57208,,,2.595,,,,6320.0,4.294,1.273,
K2-10,K2,CONFIRMED,19.307044,,,3.73470986,,,,5638.0,4.53,0.902012,
K2-100,K2,CONFIRMED,1.673847,,,3.6,,,,,,1.23,
K2-101,K2,CONFIRMED,14.6762429,,,2.0,,,,4927.0,4.59,0.76,
K2-102,K2,CONFIRMED,9.9147,,,,,,,4638.0,4.53373,0.768432,
K2-104,K2,CONFIRMED,1.9741954,,,1.79,,,,3712.0,4.78,0.48,
K2-105,K2,CONFIRMED,8.26726,,,3.4,,,,5373.0,4.45,0.905,
K2-107,K2,CONFIRMED,3.313921,,,12.04276422,,,,6178.0,4.24,1.334682,
K2-108,K2,CONFIRMED,4.733999,,,5.33,,,,5599.0,4.02,1.76,
K2-11,K2,CONFIRMED,39.8642,,,2.92,,,,,,0.896,
K2-110,K2,CONFIRMED,13.86387,,,2.56,,,,4950.0,4.61,0.71,
K2-111,K2,CONFIRMED,5.351403,,,1.22263837,,,,5741.0,4.36,0.922706,
K2-113,K2,CONFIRMED,5.817608,,,10.42437,,,,5627.0,4.4,1.047,
K2-114,K2,CONFIRMED,11.390955,,,10.71,,,,,,0.854,
K2-115,K2,CONFIRMED,20.272,,,,,,,5742.0,4.58473,0.85554,
K2-116,K2,CONFIRMED,4.654879,,,,,,,4348.35,,0.6694,
K2-117,K2,CONFIRMED,1.29160335703,,,2.45117748,,,,3689.0,4.72452,0.514745,
K2-118,K2,CONFIRMED,50.9254,,,2.48,,,,,,0.702,
K2-119,K2,CONFIRMED,7.728578,,,2.29,,,,4752.8,,0.679343,
K2-12,K2,CONFIRMED,8.28176,,,2.72,,,,6177.0,4.28,1.31,
K2-121,K2,CONFIRMED,5.185759,,,7.64369371,,,,4695.0,4.68,0.686484,
K2-122,K2,CONFIRMED,2.2193023,,,1.16,,,,4009.0,4.69,0.59,
K2-123,K2,CONFIRMED,30.954222,,,2.5,,,,4040.0,4.671,0.598,
K2-124,K2,CONFIRMED,6.413766,,,3.03,,,,3560.0,4.85,0.41,
K2-125,K2,CONFIRMED,21.750264,,,2.18,,,,3654.47,,0.402049,
K2-126,K2,CONFIRMED,7.38711,,,1.92,,,,,,0.625,
K2-127,K2,CONFIRMED,3.588163,,,8.37,,,,4575.0,4.65,0.66,
K2-128,K2,CONFIRMED,5.67556,,,1.117,,,,,,0.578,
K2-129,K2,CONFIRMED,8.23981,,,0.661,,,,,,0.215,
K2-13,K2,CONFIRMED,40.0603,,,2.7,,,,5727.0,4.33,1.09,
K2-130,K2,CONFIRMED,2.494161,,,1.06180894,,,,4528.0,4.62,0.64361,
K2-131,K2,CONFIRMED,0.369,,,1.651,,,,5200.0,4.62,0.744,
K2-132,K2,CONFIRMED,,,,14.5717,,,,,,3.85,
K2-133,K2,CONFIRMED,3.07133,,,1.34,,,,3655.0,,0.455,
K2-136,K2,CONFIRMED,7.9757,,,1.05,,,,4359.0,4.537,0.723,
K2-137,K2,CONFIRMED,0.179715,,,0.89,,,,3492.0,4.815,0.442,
K2-138,K2,CONFIRMED,2.35309,,,1.51,,,,5356.3,4.54,0.863,
K2-139,K2,CONFIRMED,28.380619,,,9.11,,,,5370.0,4.54,0.88,
K2-14,K2,CONFIRMED,8.3688168,,,6.65,,,,3879.0,,0.56,
K2-140,K2,CONFIRMED,6.56918,,,12.25,,,,5705.0,4.45,0.99,
K2-141,K2,CONFIRMED,0.28,,,1.493,,,,4599.0,4.62,0.6862,
K2-146,K2,CONFIRMED,2.644259,,,1.38,,,,,,0.225,
K2-147,K2,CONFIRMED,0.961917,,,1.38,,,,3672.0,4.72,0.554,
K2-148,K2,CONFIRMED,4.38395,,,1.33,,,,4079.0,4.653,0.632,
K2-149,K2,CONFIRMED,11.332,,,1.64,,,,3745.0,4.707,0.568,
K2-15,K2,CONFIRMED,11.81004,,,3.08,,,,,,0.8,
K2-150,K2,CONFIRMED,10.59357,,,2.0,,,,3499.0,4.822,0.436,
K2-151,K2,CONFIRMED,3.835476,,,1.49,,,,3695.0,4.8,0.45,
K2-152,K2,CONFIRMED,32.6527,,,2.81,,,,3940.0,4.657,0.631,
K2-153,K2,CONFIRMED,7.51554,,,2.0,,,,3720.0,4.761,0.495,
K2-154,K2,CONFIRMED,3.67626,,,1.99,,,,4097.0,4.65,0.63,
K2-155,K2,CONFIRMED,6.342,,,1.8,,,,4258.0,4.6,0.58,
K2-156,K2,CONFIRMED,0.813149,,,1.14414279,,,,4460.0,4.68,0.615543,
K2-157,K2,CONFIRMED,0.365257,,,1.05548088,,,,5456.0,4.55,0.875749,
K2-158,K2,CONFIRMED,10.062106,,,2.63456976,,,,5489.0,4.46,0.892097,
K2-159,K2,CONFIRMED,12.42205,,,2.26,,,,5425.0,4.56,0.83,
K2-160,K2,CONFIRMED,3.705871,,,3.17824034,,,,5649.0,4.61,0.913754,
K2-161,K2,CONFIRMED,9.283188,,,6.11721229,,,,4972.0,3.63,2.568173,
K2-162,K2,CONFIRMED,9.457747,,,1.48630496,,,,4885.0,4.71,0.725626,
K2-163,K2,CONFIRMED,6.673117,,,2.46610713,,,,4937.0,4.71,0.762201,
K2-164,K2,CONFIRMED,17.355681,,,1.81,,,,5894.0,,1.06,
K2-165,K2,CONFIRMED,2.354992,,,1.27443657,,,,5185.0,4.46,0.803827,
K2-167,K2,CONFIRMED,9.9785275,,,2.34,,,,5908.0,3.88,1.499,
K2-169,K2,CONFIRMED,6.380803,,,1.27328671,,,,5548.0,4.56,0.919053,
K2-17,K2,CONFIRMED,17.9654,,,1.53,,,,4102.0,4.798,0.478,
K2-170,K2,CONFIRMED,7.5734,,,1.62,,,,,,1.0849,
K2-171,K2,CONFIRMED,5.6228,,,3.71,,,,,,2.378,
K2-172,K2,CONFIRMED,14.317001,,,1.8,,,,5449.0,,0.86,
K2-173,K2,CONFIRMED,5.868699,,,1.60826194,,,,5580.0,4.52,0.843154,
K2-174,K2,CONFIRMED,19.564,,,2.59,,,,4581.0,4.645,0.673,
K2-175,K2,CONFIRMED,9.525988,,,2.03803688,,,,5909.0,4.11,1.420038,
K2-176,K2,CONFIRMED,5.32944,,,1.55,,,,,,0.911,
K2-177,K2,CONFIRMED,14.155185,,,2.1162048,,,,6063.0,4.38,1.213565,
K2-179,K2,CONFIRMED,5.17110937,,,,,,,5071.98,4.66474,0.709349,
K2-18,K2,CONFIRMED,32.94171,,,1.4,,,,,,0.249,
K2-180,K2,CONFIRMED,8.86638,,,2.51,,,,,,0.6867,
K2-181,K2,CONFIRMED,6.894252,,,2.70624391,,,,5609.0,4.46,0.999244,
K2-182,K2,CONFIRMED,4.73730765,,,,,,,5180.6,4.58536,0.790862,
K2-183,K2,CONFIRMED,0.469285,,,1.1,,,,5482.0,4.6,0.87,
K2-184,K2,CONFIRMED,16.9780102,,,1.47,,,,5245.0,4.62,0.75,
K2-185,K2,CONFIRMED,10.6161,,,1.19,,,,,,0.891,
K2-186,K2,CONFIRMED,41.4661,,,3.45,,,,,,1.0574,
K2-187,K2,CONFIRMED,0.773981,,,1.3833597,,,,5477.0,4.62,0.894913,
K2-188,K2,CONFIRMED,1.742169,,,1.35,,,,5977.0,4.31,1.19,
K2-189,K2,CONFIRMED,5.1763,,,1.51234354,,,,5503.0,4.61,0.862285,
K2-19,K2,CONFIRMED,7.9194,,,7.74,,,,5430.0,4.63,0.86,
K2-190,K2,CONFIRMED,10.099,,,,,,,5605.6,4.45114,0.980624,
K2-191,K2,CONFIRMED,2.85794855,,,,,,,5012.0,4.45795,0.891502,
K2-193,K2,CONFIRMED,14.786747,,,3.3,,,,,,0.83,
K2-194,K2,CONFIRMED,39.699,,,,,,,6212.0,4.28185,1.31129,
K2-195,K2,CONFIRMED,15.852975,,,3.13,,,,5713.0,4.42,0.99,
K2-196,K2,CONFIRMED,48.324222,,,3.59970536,,,,6045.0,4.08,1.538801,
K2-197,K2,CONFIRMED,8.357881,,,2.56,,,,5667.0,4.5,0.93,
K2-198,K2,CONFIRMED,17.043,,,,,,,5183.84,4.5962,0.781501,
K2-199,K2,CONFIRMED,3.225,,,,,,,4550.0,4.60155,0.701485,
K2-200,K2,CONFIRMED,2.85009,,,1.38,,,,,,0.8,
K2-201,K2,CONFIRMED,1.059806,,,1.47,,,,,,0.92,
K2-2016-BLG-0005L,K2,CONFIRMED,4700.0,,,,,,,,,,
K2-202,K2,CONFIRMED,3.405087,,,2.31,,,,,,0.923,
K2-204,K2,CONFIRMED,7.05647,,,2.76,,,,,,1.09,
K2-205,K2,CONFIRMED,26.672263,,,1.99552771,,,,5890.0,4.25,1.077574,
K2-206,K2,CONFIRMED,18.294549,,,2.79522879,,,,5043.0,4.46,0.758046,
K2-207,K2,CONFIRMED,12.4904,,,3.59,,,,,,0.929,
K2-208,K2,CONFIRMED,4.19121,,,1.75,,,,,,0.889,
K2-209,K2,CONFIRMED,2.080615,,,0.86850263,,,,4720.0,4.46,0.712365,
K2-21,K2,CONFIRMED,9.325038,,,1.84,,,,4222.06,,0.646783,
K2-210,K2,CONFIRMED,0.570233,,,0.81864346,,,,5396.0,4.55,0.85179,
K2-212,K2,CONFIRMED,9.795647,,,2.65,,,,4349.0,4.72,0.678,
K2-213,K2,CONFIRMED,8.13087,,,1.51398464,,,,5794.0,4.25,1.20424,
K2-214,K2,CONFIRMED,8.596724,,,2.5,,,,,,1.29,
K2-215,K2,CONFIRMED,8.26947,,,2.63,,,,,,1.0807,
K2-216,K2,CONFIRMED,2.174789,,,1.66,,,,4495.0,4.6,0.699,
K2-217,K2,CONFIRMED,14.074524,,,3.57854073,,,,5967.0,4.17,1.333718,
K2-218,K2,CONFIRMED,8.679885,,,2.56948149,,,,5757.0,4.45,1.008231,
K2-219,K2,CONFIRMED,3.901287,,,1.34762583,,,,5753.0,4.23,1.189232,
K2-22,K2,CONFIRMED,0.381073,,,2.3,,,,3879.0,4.7,0.58,
K2-220,K2,CONFIRMED,13.68275,,,2.62,,,,,,1.056,
K2-221,K2,CONFIRMED,2.399094,,,1.67890272,,,,5716.0,4.57,0.947599,
K2-222,K2,CONFIRMED,15.38857,,,2.35,,,,5942.0,,1.115,
K2-223,K2,CONFIRMED,0.50557,,,0.90973766,,,,5859.0,4.54,1.013236,
K2-224,K2,CONFIRMED,4.478591,,,1.66378993,,,,5614.0,4.63,0.839998,
K2-225,K2,CONFIRMED,15.8723,,,3.60929179,,,,5520.0,4.148,1.7,
K2-226,K2,CONFIRMED,3.271106,,,1.48696454,,,,5397.0,4.62,0.82447,
K2-227,K2,CONFIRMED,13.621832,,,1.66551298,,,,5673.0,4.58,0.890666,
K2-228,K2,CONFIRMED,2.698368,,,1.38434336,,,,4764.0,4.67,0.699017,
K2-229,K2,CONFIRMED,0.584249,,,1.164,,,,5185.0,4.56,0.793,
K2-230,K2,CONFIRMED,2.86041,,,1.96,,,,5945.0,4.2,1.39,
K2-231,K2,CONFIRMED,13.84457,,,2.79,,,,,,1.0306,
K2-232,K2,CONFIRMED,11.168454,,,11.209,,,,6154.0,4.379,1.161,
K2-233,K2,CONFIRMED,2.467583,,,1.315,,,,4796.0,4.53,0.71,
K2-237,K2,CONFIRMED,2.18053435,,,,,,,6257.0,4.24,1.43,
K2-238,K2,CONFIRMED,3.20466,,,14.5717,,,,5630.0,4.11,1.59,
K2-239,K2,CONFIRMED,5.24,,,1.1,,,,3420.0,4.9,0.36,
K2-240,K2,CONFIRMED,6.034,,,2.0,,,,3810.0,4.7,0.54,
K2-241,K2,CONFIRMED,26.8199,,,2.55,,,,5262.0,4.54,0.75,
K2-242,K2,CONFIRMED,6.51389,,,2.54,,,,3459.0,4.89,0.37,
K2-244,K2,CONFIRMED,21.06884,,,1.75,,,,5677.0,4.44,0.92,
K2-245,K2,CONFIRMED,11.89307,,,4.34,,,,5793.0,4.16,1.25,
K2-246,K2,CONFIRMED,5.76918,,,3.49,,,,5610.0,4.43,0.94,
K2-247,K2,CONFIRMED,2.25021,,,2.12,,,,4667.0,4.63,0.69,
K2-248,K2,CONFIRMED,7.17256,,,2.57,,,,5528.0,4.45,0.92,
K2-249,K2,CONFIRMED,12.409,,,2.79,,,,6504.0,4.16,1.57,
K2-25,K2,CONFIRMED,3.4845627,,,,,,,3180.0,,0.295,
K2-250,K2,CONFIRMED,4.01457,,,2.44,,,,5172.0,4.53,0.81,
K2-251,K2,CONFIRMED,9.30075,,,2.35,,,,3717.0,4.76,0.49,
K2-252,K2,CONFIRMED,13.81513,,,1.74,,,,5152.0,4.5,0.82,
K2-253,K2,CONFIRMED,4.00167,,,12.67,,,,6027.0,4.39,1.1,
K2-254,K2,CONFIRMED,4.09639,,,1.63,,,,4629.0,4.64,0.67,
K2-255,K2,CONFIRMED,1.96417,,,2.9,,,,4676.0,4.62,0.69,
K2-256,K2,FALSE_POSITIVE,5.52011,,,2.63,,,,5219.0,4.58,0.78,
K2-257,K2,CONFIRMED,1.60588,,,0.83,,,,3725.0,4.76,0.5,
K2-258,K2,CONFIRMED,19.0921,,,3.0,,,,6351.0,4.29,1.31,
K2-259,K2,CONFIRMED,15.48043,,,2.32,,,,6059.0,4.39,1.13,
K2-26,K2,CONFIRMED,,,,3.55068952,,,,3683.0,4.72407,0.515263,
K2-260,K2,CONFIRMED,2.62669768,,,,,,,6367.0,4.15,1.69,
K2-261,K2,CONFIRMED,11.63344,,,9.52763359,,,,5537.0,4.21,1.669,
K2-263,K2,CONFIRMED,50.818947,,,2.41,,,,5368.0,,0.85,
K2-264,K2,CONFIRMED,5.83977,,,2.27,,,,3580.0,,0.473,
K2-265,K2,CONFIRMED,2.36906,,,1.676,,,,5435.0,4.47,0.924,
K2-266,K2,CONFIRMED,0.658524,,,3.3,,,,4285.0,4.581,0.703,
K2-268,K2,CONFIRMED,2.151676,,,1.5,,,,5106.0,4.58,0.78,
K2-269,K2,CONFIRMED,4.144,,,,,,,6177.44,4.16002,1.49612,
K2-27,K2,CONFIRMED,6.771315,,,5.36,,,,5797.0,4.42,1.03,
K2-270,K2,CONFIRMED,1.543452,,,1.3,,,,,,0.735,
K2-271,K2,CONFIRMED,8.56222,,,6.89,,,,,,0.928,
K2-272,K2,CONFIRMED,14.454034,,,3.2,,,,5490.0,4.548,0.802,
K2-273,K2,CONFIRMED,11.71571445,,,,,,,5051.83,4.48518,0.86968,
K2-275,K2,CONFIRMED,3.280961,,,2.24,,,,4812.0,4.61,0.73,
K2-276,K2,CONFIRMED,18.718269,,,3.77,,,,5139.0,4.49,0.85,
K2-277,K2,CONFIRMED,6.32668003682,,,2.29015537,,,,5673.0,4.46318,0.975383,
K2-278,K2,CONFIRMED,3.33253,,,3.63,,,,,,1.766,
K2-279,K2,CONFIRMED,7.122605,,,1.21,,,,5558.0,4.46,0.86,
K2-28,K2,CONFIRMED,2.260435,,,2.3,,,,3292.75,,0.279867,
K2-280,K2,CONFIRMED,19.89526,,,7.5,,,,5500.0,4.21,1.28,
K2-281,K2,CONFIRMED,8.687708,,,8.1,,,,,,0.75,
K2-283,K2,CONFIRMED,1.921111,,,3.23,,,,,,0.709,
K2-284,K2,CONFIRMED,4.795069,,,2.78,,,,4140.0,4.67,0.607,
K2-285,K2,CONFIRMED,3.471745,,,2.59,,,,4975.0,4.4,0.787,
K2-286,K2,CONFIRMED,27.359,,,2.1,,,,3926.0,4.7,0.62,
K2-287,K2,CONFIRMED,14.893291,,,9.494023,,,,5695.0,4.398,1.07,
K2-288 B,K2,CONFIRMED,31.3888,,,1.25,,,,,,0.312,
K2-289,K2,CONFIRMED,13.15628,,,3.2,,,,3809.0,4.89,0.38,
K2-29,K2,CONFIRMED,3.258824,,,12.05607716,,,,5392.0,4.59,0.857501,
K2-290,K2,CONFIRMED,,,,,,,,,,,
K2-291,K2,CONFIRMED,2.225177,,,1.589,,,,5520.0,4.5,0.899,
K2-292,K2,CONFIRMED,16.9841,,,2.63,,,,5725.0,4.33,1.09,
K2-293,K2,CONFIRMED,13.1225,,,2.45,,,,5532.0,4.52,0.947,
K2-294,K2,CONFIRMED,2.50387,,,1.66,,,,5612.0,4.2,1.2,
K2-295,K2,CONFIRMED,4.0248883,,,9.56,,,,,,0.665,
K2-3,K2,CONFIRMED,10.054544,,,2.08,,,,,,0.561,
K2-30,K2,CONFIRMED,4.09847804,,,,,,,5425.0,4.54,0.844,
K2-308,K2,CONFIRMED,3.38631713618,,,,,,,5780.0,4.438,,
K2-31,K2,CONFIRMED,1.25785,,,,,,,5412.0,4.44,0.986,
K2-315,K2,CONFIRMED,3.1443189,,,0.95,,,,3300.0,5.094,0.196,
K2-316,K2,CONFIRMED,1.133,,,1.33,,,,3436.0,4.891,0.379,
K2-317,K2,CONFIRMED,6.22,,,2.93,,,,3387.0,4.885,0.379,
K2-318,K2,CONFIRMED,7.01,,,1.66,,,,3851.0,4.701,0.552,
K2-32,K2,CONFIRMED,8.99002105,,,,,,,5274.0,4.53357,0.851795,
K2-320,K2,CONFIRMED,1.995,,,2.62,,,,3157.0,4.55,0.3,
K2-321,K2,CONFIRMED,2.298,,,1.95,,,,3855.0,4.683,0.583,
K2-322,K2,CONFIRMED,8.205,,,1.92,,,,4141.0,4.677,0.602,
K2-323,K2,CONFIRMED,24.93,,,2.1,,,,3710.0,4.63,0.549,
K2-324,K2,CONFIRMED,3.262,,,2.43,,,,3752.0,4.743,0.505,
K2-325,K2,CONFIRMED,6.93,,,2.2,,,,3287.0,4.84,0.298,
K2-326,K2,CONFIRMED,1.256,,,2.28,,,,3924.0,4.462,0.688,
K2-329,K2,CONFIRMED,12.4551225,,,8.675766,,,,5282.0,4.566,0.822,
K2-33,K2,CONFIRMED,5.4252061,,,0.868,,,,2890.0,,0.16,
K2-330,K2,CONFIRMED,13.773826,,,3.29495202,,,,6114.0,4.01,1.682578,
K2-331,K2,CONFIRMED,9.398977,,,1.79,,,,5994.0,4.43,1.06,
K2-332,K2,CONFIRMED,17.703,,,,,,,3266.0,4.9373,0.289676,
K2-333,K2,CONFIRMED,14.759287,,,6.18,,,,5880.0,4.29,1.22,
K2-334,K2,CONFIRMED,5.11383503556,,,5.67086336,,,,6315.7,4.17,1.50876,
K2-335,K2,CONFIRMED,12.282343,,,2.52633631,,,,5985.0,4.14,1.410373,
K2-336,K2,CONFIRMED,21.191788,,,1.3172461,,,,5277.0,4.54,0.782112,
K2-337,K2,CONFIRMED,16.273563,,,2.62,,,,5869.0,4.17,1.32,
K2-338,K2,CONFIRMED,3.85,,,,,,,4504.0,4.69363,0.626953,
K2-34,K2,CONFIRMED,2.995646,,,13.96620332,,,,5990.0,4.11,1.454974,
K2-340,K2,CONFIRMED,29.729,,,,,,,5464.0,4.32739,1.11294,
K2-341,K2,CONFIRMED,36.556251,,,2.96787013,,,,5759.0,4.31,1.035241,
K2-342,K2,CONFIRMED,11.561514,,,2.4,,,,6140.0,4.255,1.406,
K2-343,K2,CONFIRMED,2.787174,,,1.65,,,,3804.0,4.8,0.46,
K2-344,K2,CONFIRMED,3.3557219,,,1.9149,,,,3807.0,4.68,0.56,
K2-345,K2,CONFIRMED,10.367437,,,2.11,,,,3779.0,4.74,0.52,
K2-346,K2,CONFIRMED,26.198,,,,,,,4678.0,4.60838,0.709927,
K2-347,K2,CONFIRMED,7.18662,,,2.58,,,,,,0.584,
K2-348,K2,CONFIRMED,4.688418,,,3.26,,,,5077.0,4.5,0.85,
K2-349,K2,CONFIRMED,9.029,,,,,,,5274.0,4.60139,0.786068,
K2-35,K2,CONFIRMED,2.399964,,,1.32,,,,4402.71,,0.619575,
K2-350,K2,CONFIRMED,4.163873,,,1.54,,,,5789.0,4.39,1.04,
K2-351,K2,CONFIRMED,7.806164,,,2.54,,,,5769.0,4.4,1.05,
K2-352,K2,CONFIRMED,3.665912,,,1.37,,,,5791.0,4.47,0.95,
K2-354,K2,CONFIRMED,3.794,,,,,,,3510.0,4.80673,0.421881,
K2-355,K2,CONFIRMED,5.7385647,,,2.25,,,,5790.0,4.49,0.92,
K2-357,K2,CONFIRMED,16.3488637,,,3.72,,,,5794.0,4.43,1.0,
K2-36,K2,CONFIRMED,1.422647,,,1.45,,,,4953.0,4.598,0.75,
K2-366,K2,CONFIRMED,15.93709,,,1.87,,,,,,0.731,
K2-367,K2,CONFIRMED,20.645099,,,2.413,,,,4348.0,4.726,0.625,
K2-369,K2,CONFIRMED,5.761612,,,1.313,,,,5682.0,4.418,0.881,
K2-37,K2,CONFIRMED,4.44117,,,1.61,,,,5413.0,4.52,0.85,
K2-370,K2,CONFIRMED,2.1408063,,,2.59639,,,,5372.0,4.40929,1.0,
K2-371,K2,CONFIRMED,3.11489307594,,,12.11200864,,,,4973.0,4.438,0.74956,
K2-372,K2,CONFIRMED,9.84413,,,3.23,,,,,,0.9395,
K2-373,K2,CONFIRMED,11.0213,,,2.25,,,,,,1.507,
K2-374,K2,CONFIRMED,4.521953,,,1.593,,,,5789.0,4.386,0.907,
K2-375,K2,CONFIRMED,14.4584,,,2.84,,,,,,1.551,
K2-376,K2,CONFIRMED,5.776475,,,1.736,,,,5937.0,4.275,1.149,
K2-377,K2,CONFIRMED,12.832235,,,1.693,,,,4200.0,4.673,0.691,
K2-378,K2,CONFIRMED,2.060438,,,2.88,,,,4823.0,4.674,0.732,
K2-38,K2,CONFIRMED,4.01593,,,1.54,,,,5731.0,4.38,1.06,
K2-380,K2,CONFIRMED,9.40172,,,1.96,,,,,,1.13,
K2-381,K2,CONFIRMED,7.9389334,,,1.075,,,,4473.0,4.653,0.675,
K2-382,K2,CONFIRMED,21.7,,,2.38,,,,,,0.811,
K2-383,K2,CONFIRMED,1.866025,,,1.75,,,,,,0.878,
K2-384,K2,CONFIRMED,2.231527,,,1.076,,,,3623.0,4.874,0.348,
K2-385,K2,CONFIRMED,2.38098,,,1.72,,,,,,0.734,
K2-386,K2,CONFIRMED,7.473223,,,2.32,,,,5749.0,4.424,0.97,
K2-387,K2,CONFIRMED,28.735998,,,4.0,,,,,,0.35,
K2-388,K2,CONFIRMED,6.339069,,,3.66,,,,5367.0,4.456,0.897,
K2-389,K2,CONFIRMED,8.58289,,,2.33,,,,5773.0,4.31,1.094,
K2-39,K2,CONFIRMED,4.6028,,,,,,,4911.0,,3.12057,
K2-390,K2,CONFIRMED,3.312792,,,4.662,,,,5558.0,4.368,0.966,
K2-391,K2,CONFIRMED,4.622654,,,1.371,,,,5543.0,4.973,0.566,
K2-392,K2,CONFIRMED,15.398723,,,1.85,,,,5726.0,4.314,1.058,
K2-393,K2,CONFIRMED,10.413181,,,2.352,,,,5678.0,4.321,1.071,
K2-394,K2,CONFIRMED,5.09582,,,,,,,4490.0,,0.58,
K2-395,K2,CONFIRMED,4.803352,,,2.597,,,,5007.0,4.628,0.783,
K2-396,K2,CONFIRMED,0.673862,,,1.579,,,,5236.0,4.488,0.92,
K2-397,K2,CONFIRMED,3.572326,,,2.417,,,,5387.0,4.435,0.966,
K2-398,K2,CONFIRMED,6.393025,,,2.274,,,,5946.0,4.227,1.239,
K2-399,K2,FALSE_POSITIVE,0.759978,,,6.049,,,,5690.0,3.956,1.541,
K2-4,K2,CONFIRMED,10.00361,,,2.57,,,,4077.0,,0.62,
K2-400,K2,CONFIRMED,3.865053,,,1.163,,,,3578.0,4.847,0.382,
K2-401,K2,CONFIRMED,6.293099,,,2.262,,,,4213.0,4.719,0.675,
K2-402,K2,CONFIRMED,17.27474,,,2.678,,,,5716.0,4.197,1.28,
K2-403,K2,CONFIRMED,33.589979,,,5.333,,,,5511.0,4.439,0.886,
K2-404,K2,CONFIRMED,13.115365,,,2.53,,,,3748.0,4.695,0.552,
K2-405,K2,CONFIRMED,3.4355113,,,4.18368,,,,4870.0,4.53,0.8,
K2-406,K2,CONFIRMED,22.549406,,,4.602,,,,5784.0,4.374,0.961,
K2-407,K2,CONFIRMED,4.941907,,,1.283,,,,5563.0,4.45,0.927,
K2-408,K2,CONFIRMED,20.978959,,,1.677,,,,5335.0,4.559,0.784,
K2-409,K2,CONFIRMED,1.908084,,,2.482,,,,5742.0,4.204,1.228,
K2-411,K2,CONFIRMED,3.2141,,,0.9898,,,,5711.0,4.1693,1.375,
K2-412,K2,CONFIRMED,5.9382,,,2.116,,,,5590.0,4.412,0.977,
K2-413,K2,CONFIRMED,0.8094,,,0.7599,,,,4116.0,4.656,0.7,
K2-414,K2,CONFIRMED,4.3696,,,1.219,,,,4343.0,4.621,0.732,
K2-415,K2,CONFIRMED,4.01798053813,,,1.1017624,,,,3166.0,5.07428,0.194357,
K2-416,K2,CONFIRMED,13.102,,,2.66,,,,3746.0,4.691,0.554,
K2-417,K2,CONFIRMED,6.535,,,3.31,,,,3861.0,4.67,0.5776,
K2-419 A,K2,CONFIRMED,20.35954,,,10.85,,,,3728.0,4.70337,0.539092,
K2-42,K2,CONFIRMED,6.68851,,,2.25,,,,,,0.658,
K2-43,K2,CONFIRMED,3.471149,,,4.51,,,,3840.6,,0.542,
K2-44,K2,CONFIRMED,5.657,,,2.433,,,,5912.0,4.101,1.58,
K2-45,K2,CONFIRMED,1.7292591,,,11.0,,,,4271.0,,0.66,
K2-46,K2,CONFIRMED,19.15344,,,2.04,,,,6445.0,,1.12,
K2-47,K2,CONFIRMED,31.6372,,,1.89,,,,5054.0,4.544,0.76,
K2-48,K2,CONFIRMED,20.5065,,,2.24,,,,4899.0,4.603,0.73,
K2-49,K2,CONFIRMED,2.770522,,,3.19,,,,,,0.696,
K2-5,K2,CONFIRMED,5.73597,,,1.5,,,,4021.0,4.823,0.462,
K2-51,K2,FALSE_POSITIVE,13.008383,,,15.65133315,,,,5526.0,4.29,1.420548,
K2-52,K2,CONFIRMED,3.5353975,,,1.98,,,,3260.0,,0.23,
K2-53,K2,CONFIRMED,12.20772,,,2.6,,,,5263.0,4.555,0.807,
K2-54,K2,CONFIRMED,9.7843,,,1.15,,,,3798.0,4.891,0.384,
K2-55,K2,CONFIRMED,2.84947127,,,,,,,4279.0,4.52788,0.737576,
K2-57,K2,CONFIRMED,9.0073,,,2.30905002,,,,4413.0,4.629,0.671,
K2-58,K2,CONFIRMED,7.0525273,,,2.62,,,,4998.0,,0.76,
K2-59,K2,CONFIRMED,20.6921,,,2.41,,,,5055.0,4.592,0.731,
K2-6,K2,CONFIRMED,30.9349,,,2.5,,,,5767.0,4.398,1.01,
K2-60,K2,CONFIRMED,3.0026,,,,,,,5630.0,4.11247,1.45479,
K2-61,K2,CONFIRMED,2.573413,,,1.93284331,,,,5761.0,4.38,1.015751,
K2-62,K2,CONFIRMED,6.67199,,,2.02,,,,4455.0,4.57,0.696,
K2-63,K2,CONFIRMED,20.2653,,,2.89,,,,,,1.269,
K2-64,K2,CONFIRMED,6.53147301,,,,,,,5391.0,4.52678,0.875405,
K2-65,K2,CONFIRMED,12.647815,,,1.38162499,,,,4799.0,4.55,0.668753,
K2-66,K2,CONFIRMED,5.06939,,,2.75,,,,5865.0,3.99,1.79,
K2-67,K2,FALSE_POSITIVE,24.38724,,,17.4,,,,,,,
K2-69,K2,CONFIRMED,7.06599,,,2.32,,,,4127.0,4.786,0.491,
K2-7,K2,CONFIRMED,28.6777,,,4.12,,,,5715.0,3.817,2.13,
K2-70,K2,CONFIRMED,13.978518,,,2.75039475,,,,5131.0,4.53,0.798574,
K2-71,K2,CONFIRMED,6.9862794,,,3.32,,,,3891.0,,0.57,
K2-72,K2,CONFIRMED,5.57739,,,0.75,,,,3497.0,5.048,0.232,
K2-73,K2,CONFIRMED,7.49569,,,2.71,,,,,,1.079,
K2-74,K2,CONFIRMED,19.565557,,,2.95906745,,,,5929.0,4.24,1.086156,
K2-75,K2,CONFIRMED,7.8142,,,2.67,,,,5995.0,4.118,1.56,
K2-76,K2,FALSE_POSITIVE,11.98934,,,14.77,,,,,,1.726,
K2-77,K2,CONFIRMED,8.199796,,,2.3,,,,4970.0,4.47,0.76,
K2-78,K2,FALSE_POSITIVE,2.29016,,,1.42,,,,,,,
K2-79,K2,CONFIRMED,10.993948,,,3.14685573,,,,5839.0,4.41,1.038427,
K2-8,K2,CONFIRMED,10.3535,,,3.32,,,,5147.0,4.562,0.8,
K2-80,K2,CONFIRMED,19.0912,,,2.03,,,,,,0.785,
K2-81,K2,CONFIRMED,6.10099028,,,,,,,4784.0,4.56844,0.756173,
K2-82,K2,FALSE_POSITIVE,7.195834,,,2.6,,,,,,,
K2-84,K2,CONFIRMED,6.4215,,,2.41,,,,5652.0,4.481,0.93,
K2-85,K2,CONFIRMED,0.684541,,,1.36,,,,,,0.671,
K2-86,K2,CONFIRMED,8.775864,,,1.97521161,,,,5129.0,4.52,0.721964,
K2-87,K2,CONFIRMED,9.72664,,,8.42,,,,,,1.508,
K2-88,K2,CONFIRMED,4.61228,,,2.3,,,,3624.15,,0.459539,
K2-89,K2,CONFIRMED,1.095962,,,0.617,,,,,,0.318,
K2-9,K2,CONFIRMED,18.4474,,,5.6,,,,4052.0,4.816,0.468,
K2-90,K2,CONFIRMED,13.71468745,,,,,,,4133.13,4.62196,0.650887,
K2-91,K2,CONFIRMED,1.41929871,,,,,,,3326.0,4.86273,0.361559,
K2-92,K2,FALSE_POSITIVE,0.701818,,,2.56,,,,,,,
K2-95,K2,CONFIRMED,10.134016,,,3.88,,,,3548.0,4.84,0.42,
K2-97,K2,CONFIRMED,8.406,,,,,,,4642.56,,4.70881,
K2-98,K2,CONFIRMED,10.13682,,,4.6,,,,,,1.37,
K2-99,K2,CONFIRMED,18.24841,,,12.48,,,,,,2.71,
Qatar-2,K2,CONFIRMED,1.33711716,,,,,,,4645.0,4.601,0.713,
TRAPPIST-1,K2,CONFIRMED,1.5108261,,,,,,,2566.0,5.2396,0.1192,
V1298 Tau,K2,CONFIRMED,24.1396,,,10.27,,,,,,1.345,
WASP-107,K2,CONFIRMED,5.72149,,,10.53646,,,,4430.0,4.5,0.66,
WASP-118,K2,CONFIRMED,4.0460644,,,18.2851,,,,6404.0,4.03,1.81,
WASP-151,K2,CONFIRMED,4.53346998242,,,13.22170304,,,,5846.0,4.31,1.1971,
WASP-157,K2,CONFIRMED,,,,,,,,,,,
WASP-28,K2,CONFIRMED,3.4088353,,,,,,,6150.0,4.37,1.094,
WASP-47,K2,CONFIRMED,4.1591492,,,12.64,,,,5552.0,4.3437,1.137,
WASP-55,K2,CONFIRMED,4.4656294,,,,,,,,,,
WASP-75,K2,CONFIRMED,2.4841905,,,15.6,,,,6090.0,4.223,1.39,
WASP-85 A,K2,CONFIRMED,,,,,,,,,,,
Wolf 503,K2,CONFIRMED,6.00127,,,2.043,,,,4716.0,4.62,0.689,
